R.Shift,azeite_oliva,azeite_oliva1,azeite_oliva2,oleo_canola media,oleo_canola1,oleo_canola2,oleo_girassol media,oleo_girassol1,oleo_girassol2,oleo_maria media,oleo_maria1,oleo_maria2,oleo_milho media,oleo_milho1,oleo_milho2,oleo_soja media,oleo_soja1,oleo_soja2
401.551,-0.001461817,-0.001403538,-0.001520096,-0.001466154,-0.001446389,-0.001485919,-0.00136665,-0.001426629,-0.001306671,-0.001412488,-0.001367202,-0.001457774,-0.001378272,-0.001486724,-0.001269819,-0.001369821,-0.001352055,-0.001387588
403.6,-0.001403616,-0.001378049,-0.001429182,-0.001412719,-0.001407927,-0.001417511,-0.001351919,-0.001403702,-0.001300136,-0.001409205,-0.001393976,-0.001424435,-0.00131214,-0.001316425,-0.001307856,-0.00138142,-0.001368605,-0.001394234
405.649,-0.001348664,-0.00135551,-0.001341818,-0.001356907,-0.00137395,-0.001339864,-0.001340961,-0.001375088,-0.001306833,-0.001393245,-0.001413568,-0.001372921,-0.001257435,-0.001180919,-0.00133395,-0.001387117,-0.001380001,-0.001394234
407.696,-0.001302169,-0.001336147,-0.00126819,-0.001310532,-0.00135025,-0.001270814,-0.00133586,-0.001344901,-0.001326819,-0.001375625,-0.001426086,-0.001325164,-0.001226223,-0.001104302,-0.001348144,-0.001378944,-0.001386208,-0.001371679
409.743,-0.001263875,-0.001319694,-0.001208056,-0.001273526,-0.001336759,-0.001210293,-0.001336547,-0.001313071,-0.001360022,-0.001353995,-0.001426953,-0.001281038,-0.001218448,-0.001086513,-0.001350383,-0.001358501,-0.00138704,-0.001329962
411.788,-0.001178697,-0.001242103,-0.001115292,-0.001292058,-0.001444488,-0.001139628,-0.00136884,-0.001296837,-0.001440844,-0.001303646,-0.001417198,-0.001190095,-0.001327862,-0.001245732,-0.001409992,-0.001331155,-0.001402587,-0.001259722
413.833,-0.001215293,-0.00131454,-0.001116046,-0.001232331,-0.001384445,-0.001080218,-0.001335962,-0.001265354,-0.001406571,-0.001270426,-0.001370589,-0.001170264,-0.001300668,-0.001299212,-0.001302125,-0.001289111,-0.001365818,-0.001212405
415.877,-0.001299542,-0.001405805,-0.001193278,-0.001243925,-0.001410107,-0.001077743,-0.001292862,-0.001235186,-0.001350538,-0.001303812,-0.001405263,-0.001202361,-0.00129061,-0.001308098,-0.001273122,-0.001223938,-0.001363481,-0.001084396
417.92,-0.001383005,-0.001534813,-0.001231197,-0.001160821,-0.00128793,-0.001033712,-0.001259227,-0.001114494,-0.00140396,-0.001283562,-0.001320289,-0.001246836,-0.001286945,-0.001290969,-0.00128292,-0.001217161,-0.001391912,-0.001042411
419.962,-0.001333395,-0.001403599,-0.001263191,-0.001078296,-0.001199436,-0.000957156,-0.001288409,-0.001138707,-0.001438112,-0.00123132,-0.001298213,-0.001164427,-0.001232175,-0.001143219,-0.00132113,-0.00124702,-0.001388979,-0.001105061
422.003,-0.001347661,-0.001347013,-0.001348308,-0.000997348,-0.001152434,-0.000842263,-0.001242468,-0.001141367,-0.001343568,-0.001203938,-0.00127457,-0.001133306,-0.001140607,-0.001047826,-0.001233389,-0.001299957,-0.001361201,-0.001238714
424.044,-0.001383306,-0.001396793,-0.001369819,-0.0011039,-0.001192623,-0.001015177,-0.001207646,-0.001139406,-0.001275886,-0.001175375,-0.001207835,-0.001142916,-0.001121347,-0.000978665,-0.00126403,-0.001305683,-0.001375894,-0.001235473
426.083,-0.001278852,-0.00124912,-0.001308584,-0.001159068,-0.001232976,-0.00108516,-0.001108308,-0.001078793,-0.001137822,-0.001059483,-0.001059751,-0.001059215,-0.001150155,-0.001004715,-0.001295595,-0.001326128,-0.001371551,-0.001280705
428.122,-0.001157477,-0.001101139,-0.001213815,-0.001167579,-0.001143092,-0.001192066,-0.001143413,-0.001097516,-0.001189311,-0.001019305,-0.001009665,-0.001028944,-0.001190265,-0.00113119,-0.00124934,-0.00129412,-0.001339189,-0.001249051
430.159,-0.001089908,-0.00111425,-0.001065567,-0.001163616,-0.001208294,-0.001118939,-0.001115695,-0.001069939,-0.001161451,-0.001051614,-0.001001231,-0.001101996,-0.001120232,-0.001158424,-0.001082041,-0.001205907,-0.001271574,-0.00114024
432.196,-0.001013366,-0.001026848,-0.000999883,-0.001201078,-0.00126524,-0.001136915,-0.001142481,-0.001093683,-0.00119128,-0.001000113,-0.001022966,-0.000977259,-0.001082259,-0.001134158,-0.001030361,-0.001136542,-0.001246761,-0.001026324
434.232,-0.000955459,-0.000961015,-0.000949904,-0.001163304,-0.001245346,-0.001081262,-0.001139381,-0.001078954,-0.001199807,-0.000939515,-0.000931711,-0.00094732,-0.00102972,-0.00100065,-0.00105879,-0.001078646,-0.001207889,-0.000949404
436.267,-0.000867644,-0.000881354,-0.000853934,-0.001079144,-0.00118664,-0.000971648,-0.00111539,-0.000996857,-0.001233924,-0.000970732,-0.000983641,-0.000957823,-0.000999099,-0.000940359,-0.00105784,-0.001069307,-0.001145534,-0.00099308
438.301,-0.000902501,-0.000889649,-0.000915353,-0.000974771,-0.001155038,-0.000794503,-0.001090972,-0.001021757,-0.001160187,-0.00103292,-0.001079843,-0.000985997,-0.000973287,-0.000869341,-0.001077234,-0.001063148,-0.001086604,-0.001039691
440.334,-0.000971392,-0.001029978,-0.000912805,-0.000920515,-0.001129469,-0.000711562,-0.001028356,-0.000993048,-0.001063663,-0.001057932,-0.00109974,-0.001016125,-0.000981396,-0.00084021,-0.001122582,-0.000969768,-0.00103263,-0.000906906
442.366,-0.000959199,-0.0010195,-0.000898899,-0.000819596,-0.001030129,-0.000609063,-0.000929622,-0.000893171,-0.000966073,-0.001064092,-0.001167381,-0.000960804,-0.001082287,-0.00091319,-0.001251384,-0.000974256,-0.001029886,-0.000918625
444.398,-0.000983354,-0.001094906,-0.000871803,-0.000778027,-0.000937597,-0.000618458,-0.000909935,-0.000897412,-0.000922458,-0.00108357,-0.00116164,-0.0010055,-0.000999558,-0.000896111,-0.001103006,-0.000906926,-0.00094852,-0.000865333
446.428,-0.000997947,-0.001108544,-0.000887349,-0.000800867,-0.001026484,-0.000575251,-0.000965966,-0.00092743,-0.001004501,-0.001076532,-0.001199811,-0.000953253,-0.000878163,-0.000834217,-0.000922108,-0.000859934,-0.000916334,-0.000803533
448.458,-0.00093266,-0.000934295,-0.000931025,-0.000784075,-0.000991409,-0.000576741,-0.001023137,-0.001021741,-0.001024532,-0.00102727,-0.001094456,-0.000960084,-0.000798031,-0.000711961,-0.000884102,-0.000853976,-0.000934588,-0.000773364
450.486,-0.000883024,-0.000849183,-0.000916865,-0.000785681,-0.000944668,-0.000626694,-0.000992181,-0.000980109,-0.001004253,-0.00099379,-0.000986695,-0.001000886,-0.000832932,-0.000731151,-0.000934713,-0.000819696,-0.000898687,-0.000740704
452.514,-0.000867182,-0.000884628,-0.000849735,-0.000754385,-0.000873674,-0.000635095,-0.001014613,-0.000981283,-0.001047943,-0.000992513,-0.001007668,-0.000977358,-0.000846693,-0.000758195,-0.00093519,-0.000843665,-0.000933707,-0.000753624
454.541,-0.000799494,-0.000785022,-0.000813966,-0.000762132,-0.000887831,-0.000636432,-0.001023929,-0.001020487,-0.00102737,-0.000896868,-0.000925172,-0.000868565,-0.00082146,-0.000743631,-0.000899289,-0.000896848,-0.00093746,-0.000856237
456.567,-0.000748265,-0.000696034,-0.000800496,-0.000788301,-0.000878052,-0.00069855,-0.000925778,-0.000912549,-0.000939007,-0.000907368,-0.001008993,-0.000805742,-0.000822708,-0.000771869,-0.000873546,-0.000835976,-0.000888848,-0.000783104
458.592,-0.000698195,-0.00064439,-0.000752,-0.000756469,-0.000793484,-0.000719454,-0.000851287,-0.000816613,-0.000885962,-0.000891031,-0.000990416,-0.000791645,-0.000870131,-0.000762075,-0.000978188,-0.000885466,-0.000952724,-0.000818208
460.616,-0.000708529,-0.000732834,-0.000684223,-0.000779551,-0.000821492,-0.00073761,-0.000863373,-0.000861829,-0.000864917,-0.000857709,-0.001024038,-0.000691379,-0.000771099,-0.000638906,-0.000903291,-0.000825585,-0.000837705,-0.000813464
462.64,-0.000780946,-0.000760386,-0.000801506,-0.000725262,-0.000809264,-0.000641261,-0.000873082,-0.000906283,-0.00083988,-0.000797045,-0.001014297,-0.000579793,-0.000773107,-0.000613012,-0.000933202,-0.000858483,-0.000912562,-0.000804404
464.662,-0.000771256,-0.000692852,-0.00084966,-0.000675989,-0.000795614,-0.000556365,-0.000836111,-0.000899827,-0.000772396,-0.000714164,-0.000905323,-0.000523005,-0.000786389,-0.000633586,-0.000939192,-0.000811453,-0.000949985,-0.000672921
466.684,-0.00078594,-0.000732149,-0.000839731,-0.000649265,-0.000720976,-0.000577553,-0.000816426,-0.000952095,-0.000680758,-0.000670121,-0.000842511,-0.000497731,-0.00089561,-0.00080363,-0.000987591,-0.000815864,-0.000921896,-0.000709831
468.705,-0.000718356,-0.000736626,-0.000700085,-0.000620945,-0.000675144,-0.000566746,-0.000855187,-0.001003069,-0.000707305,-0.000620572,-0.000778808,-0.000462337,-0.000918077,-0.000894944,-0.000941211,-0.000820763,-0.000927526,-0.000714
470.724,-0.000684905,-0.00065055,-0.000719261,-0.000667633,-0.000764764,-0.000570501,-0.000822122,-0.000897066,-0.000747177,-0.00050471,-0.000663754,-0.000345667,-0.000857302,-0.000893885,-0.00082072,-0.000897193,-0.000933701,-0.000860684
472.743,-0.000662436,-0.000637308,-0.000687564,-0.000710305,-0.000791871,-0.000628739,-0.000805519,-0.000812211,-0.000798827,-0.000562791,-0.000696503,-0.000429079,-0.00080295,-0.000867788,-0.000738111,-0.000823655,-0.000908602,-0.000738708
474.761,-0.000585174,-0.000494022,-0.000676325,-0.000689519,-0.000690994,-0.000688044,-0.000815469,-0.000711231,-0.000919706,-0.000600193,-0.000647819,-0.000552567,-0.000796611,-0.000806821,-0.0007864,-0.00083664,-0.000921602,-0.000751677
476.779,-0.000544882,-0.000458747,-0.000631017,-0.000700686,-0.000696613,-0.000704759,-0.000824318,-0.000728188,-0.000920447,-0.000618809,-0.000624985,-0.000612633,-0.000778321,-0.000715568,-0.000841073,-0.000791247,-0.000812738,-0.000769756
478.795,-0.000533428,-0.000372872,-0.000693984,-0.000667723,-0.000732818,-0.000602629,-0.000841185,-0.000715255,-0.000967116,-0.000657809,-0.000653205,-0.000662412,-0.000775037,-0.00068353,-0.000866545,-0.000775904,-0.000809271,-0.000742536
480.81,-0.000512354,-0.000355776,-0.000668932,-0.0006512,-0.00074939,-0.00055301,-0.000767602,-0.000627074,-0.00090813,-0.000582523,-0.000568778,-0.000596267,-0.000770107,-0.000724849,-0.000815366,-0.000725002,-0.000813071,-0.000636933
482.825,-0.000437064,-0.000309994,-0.000564133,-0.000638751,-0.000727843,-0.000549658,-0.000765096,-0.000725808,-0.000804384,-0.00062712,-0.000523163,-0.000731078,-0.000836671,-0.000718677,-0.000954665,-0.000735797,-0.000809298,-0.000662297
484.838,-0.000458605,-0.000400141,-0.00051707,-0.000605669,-0.000736064,-0.000475274,-0.000790091,-0.000738052,-0.00084213,-0.00065204,-0.000556218,-0.000747863,-0.000809053,-0.000708841,-0.000909264,-0.000711631,-0.000796434,-0.000626828
486.851,-0.000548632,-0.000498704,-0.000598561,-0.000618835,-0.000811925,-0.000425744,-0.000777644,-0.000796157,-0.000759131,-0.000666686,-0.000648248,-0.000685124,-0.000684154,-0.000551954,-0.000816354,-0.000723322,-0.000811323,-0.000635321
488.863,-0.000591433,-0.000607055,-0.000575811,-0.000611674,-0.000762938,-0.000460411,-0.000783829,-0.000838477,-0.000729182,-0.000719393,-0.000740564,-0.000698222,-0.000601327,-0.000476748,-0.000725906,-0.000707254,-0.000849137,-0.000565372
490.874,-0.000610914,-0.00063274,-0.000589088,-0.000640776,-0.000700943,-0.000580609,-0.000796124,-0.000839411,-0.000752838,-0.000730895,-0.000785485,-0.000676306,-0.000656891,-0.000542786,-0.000770995,-0.000710139,-0.000842823,-0.000577454
492.884,-0.000588028,-0.000581637,-0.00059442,-0.000652447,-0.000714394,-0.000590499,-0.000791166,-0.000902612,-0.00067972,-0.000692301,-0.000774631,-0.000609972,-0.000696182,-0.000569119,-0.000823245,-0.000743397,-0.000868566,-0.000618227
494.893,-0.000676416,-0.00070189,-0.000650941,-0.000717955,-0.00076897,-0.00066694,-0.000819422,-0.000992647,-0.000646197,-0.000690542,-0.000830966,-0.000550118,-0.00065635,-0.000546698,-0.000766002,-0.000761423,-0.000825217,-0.000697629
496.902,-0.000721307,-0.000743898,-0.000698717,-0.00073817,-0.000824845,-0.000651495,-0.000701949,-0.000835096,-0.000568802,-0.00060292,-0.000754335,-0.000451505,-0.000686183,-0.000549763,-0.000822602,-0.000723178,-0.000745988,-0.000700368
498.909,-0.000704278,-0.00075631,-0.000652246,-0.000712243,-0.000779395,-0.00064509,-0.000709901,-0.000837402,-0.000582399,-0.000557524,-0.000644579,-0.000470468,-0.000782258,-0.000686127,-0.00087839,-0.000708012,-0.000668819,-0.000747204
500.916,-0.000781448,-0.000851201,-0.000711694,-0.000741001,-0.000857613,-0.000624389,-0.000731703,-0.000828173,-0.000635233,-0.000541922,-0.000575362,-0.000508482,-0.000773234,-0.000718473,-0.000827996,-0.000654432,-0.000617505,-0.00069136
502.921,-0.000816464,-0.000831514,-0.000801414,-0.000742506,-0.000891443,-0.000593569,-0.000738308,-0.000810433,-0.000666183,-0.000561414,-0.000579845,-0.000542983,-0.000736388,-0.000691763,-0.000781012,-0.000612629,-0.00056633,-0.000658929
504.926,-0.000806271,-0.000831289,-0.000781254,-0.000670311,-0.000750291,-0.00059033,-0.00075446,-0.000786292,-0.000722629,-0.000541604,-0.000576316,-0.000506891,-0.000742851,-0.000718373,-0.000767329,-0.000625341,-0.00063857,-0.000612111
506.93,-0.000799209,-0.000857609,-0.000740809,-0.000669191,-0.000763682,-0.000574701,-0.000794661,-0.000819167,-0.000770155,-0.000528843,-0.000582536,-0.000475149,-0.000756542,-0.000710538,-0.000802546,-0.000611452,-0.000704131,-0.000518773
508.933,-0.00074691,-0.000750742,-0.000743079,-0.000595089,-0.000697814,-0.000492363,-0.000866713,-0.000859705,-0.000873721,-0.000550045,-0.000567474,-0.000532615,-0.000730411,-0.000632408,-0.000828414,-0.000625761,-0.000824801,-0.00042672
510.935,-0.000743581,-0.000793925,-0.000693236,-0.000593728,-0.000655253,-0.000532204,-0.000766848,-0.00080357,-0.000730126,-0.000603792,-0.00060749,-0.000600093,-0.000663706,-0.00046823,-0.000859182,-0.000659726,-0.000873106,-0.000446346
512.937,-0.000677946,-0.000711439,-0.000644453,-0.000560011,-0.000580084,-0.000539938,-0.000737346,-0.000721178,-0.000753514,-0.000647047,-0.000684127,-0.000609966,-0.000613915,-0.000321878,-0.000905951,-0.000668762,-0.000853934,-0.00048359
514.937,-0.0007024,-0.000793297,-0.000611503,-0.000544633,-0.000486218,-0.000603047,-0.000767671,-0.000739804,-0.000795537,-0.000620981,-0.000659491,-0.000582471,-0.000659708,-0.000462871,-0.000856545,-0.000695255,-0.00076087,-0.000629639
516.937,-0.000711063,-0.000794192,-0.000627935,-0.000586429,-0.000514801,-0.000658057,-0.000707697,-0.000670328,-0.000745066,-0.00065812,-0.000668375,-0.000647865,-0.000584197,-0.000462666,-0.000705729,-0.00064392,-0.00066499,-0.000622851
518.935,-0.000725197,-0.000742288,-0.000708106,-0.000542121,-0.000462005,-0.000622237,-0.000661602,-0.00056498,-0.000758224,-0.000713169,-0.000708745,-0.000717592,-0.00060454,-0.00055697,-0.00065211,-0.000695108,-0.000641274,-0.000748942
520.933,-0.000684749,-0.000684588,-0.000684909,-0.000588479,-0.000520744,-0.000656213,-0.000679993,-0.000584129,-0.000775857,-0.000705682,-0.000773551,-0.000637812,-0.000626182,-0.00063614,-0.000616224,-0.000755714,-0.000713704,-0.000797723
522.93,-0.000679407,-0.00065182,-0.000706994,-0.000647474,-0.0007044,-0.000590548,-0.000703921,-0.000657643,-0.0007502,-0.000695232,-0.000740131,-0.000650333,-0.0006639,-0.000762775,-0.000565025,-0.000752474,-0.000754301,-0.000750647
524.926,-0.000673452,-0.000598368,-0.000748535,-0.000607361,-0.000726214,-0.000488509,-0.00078065,-0.000732117,-0.000829183,-0.000641566,-0.000642577,-0.000640555,-0.000658049,-0.000694901,-0.000621197,-0.000739446,-0.000764625,-0.000714267
526.921,-0.000660858,-0.000545497,-0.000776219,-0.000692418,-0.000879111,-0.000505726,-0.000777039,-0.000810648,-0.000743431,-0.000665895,-0.000674578,-0.000657211,-0.000732444,-0.000715051,-0.000749837,-0.000773229,-0.000848353,-0.000698104
528.916,-0.000564094,-0.000511903,-0.000616285,-0.000729448,-0.000865248,-0.000593647,-0.000858716,-0.000920423,-0.00079701,-0.000576857,-0.000608832,-0.000544883,-0.000730988,-0.000636338,-0.000825638,-0.000744281,-0.000872096,-0.000616467
530.909,-0.000712954,-0.000695612,-0.000730296,-0.000799929,-0.000908171,-0.000691688,-0.00090545,-0.000990564,-0.000820337,-0.000590631,-0.000647549,-0.000533714,-0.000891687,-0.000787314,-0.00099606,-0.000739408,-0.000811509,-0.000667308
532.902,-0.000793478,-0.000813164,-0.000773792,-0.000811549,-0.000858848,-0.000764251,-0.000916964,-0.00103959,-0.000794337,-0.000670683,-0.000668024,-0.000673342,-0.000891876,-0.00081951,-0.000964242,-0.000712962,-0.000789157,-0.000636766
534.893,-0.000842663,-0.000893488,-0.000791838,-0.000832582,-0.000826023,-0.000839141,-0.000924527,-0.001005366,-0.000843689,-0.000770718,-0.000764854,-0.000776583,-0.000928975,-0.000815829,-0.001042121,-0.000800323,-0.000851176,-0.00074947
536.884,-0.000752604,-0.000843971,-0.000661237,-0.000922307,-0.000927541,-0.000917074,-0.000942908,-0.000964506,-0.000921311,-0.000814467,-0.000881263,-0.00074767,-0.000946787,-0.000783212,-0.001110363,-0.000826457,-0.000887529,-0.000765385
538.874,-0.000723122,-0.000860926,-0.000585319,-0.000879307,-0.0008664,-0.000892214,-0.00093812,-0.000904163,-0.000972077,-0.000801891,-0.000823747,-0.000780035,-0.001010706,-0.000962169,-0.001059243,-0.000818798,-0.000879297,-0.000758299
540.863,-0.000755292,-0.000827953,-0.000682631,-0.000882761,-0.000890184,-0.000875338,-0.001017201,-0.000953473,-0.001080929,-0.000755867,-0.000823977,-0.000687757,-0.001003374,-0.000872071,-0.001134677,-0.000844854,-0.000865566,-0.000824143
542.852,-0.000781267,-0.000800348,-0.000762186,-0.000911705,-0.00094256,-0.000880849,-0.001014675,-0.000940389,-0.00108896,-0.000757827,-0.000814988,-0.000700665,-0.001019663,-0.000940206,-0.001099119,-0.000918119,-0.000921499,-0.000914739
544.839,-0.000728874,-0.00074187,-0.000715879,-0.000857029,-0.00085997,-0.000854088,-0.000991377,-0.000867868,-0.001114886,-0.000707524,-0.0007455,-0.000669549,-0.000986715,-0.000909957,-0.001063474,-0.000898006,-0.000881072,-0.000914941
546.825,-0.000878868,-0.000855474,-0.000902263,-0.000887314,-0.000930725,-0.000843904,-0.000977881,-0.000859851,-0.00109591,-0.000830666,-0.000857871,-0.000803461,-0.001051909,-0.001012757,-0.001091061,-0.00089416,-0.000810287,-0.000978032
548.811,-0.000904158,-0.000865926,-0.00094239,-0.000873681,-0.000904539,-0.000842824,-0.000944761,-0.000887275,-0.001002247,-0.000890013,-0.000831589,-0.000948437,-0.001026306,-0.00093493,-0.001117682,-0.000879883,-0.000816159,-0.000943607
550.796,-0.000994841,-0.000910417,-0.001079264,-0.000917099,-0.000924084,-0.000910114,-0.000910315,-0.000858138,-0.000962491,-0.000897995,-0.000858671,-0.000937318,-0.001005972,-0.000842672,-0.001169271,-0.000874015,-0.000793507,-0.000954522
552.78,-0.000996022,-0.000877527,-0.001114518,-0.000930191,-0.000876224,-0.000984159,-0.000899927,-0.000849173,-0.00095068,-0.000940395,-0.000916857,-0.000963932,-0.000947691,-0.000783767,-0.001111615,-0.000901694,-0.000833545,-0.000969842
554.763,-0.000984692,-0.000911026,-0.001058357,-0.00089296,-0.000823837,-0.000962084,-0.000917687,-0.000863026,-0.000972348,-0.000926871,-0.000969555,-0.000884186,-0.000944026,-0.000830429,-0.001057622,-0.000881889,-0.000810546,-0.000953232
556.745,-0.001034242,-0.000928726,-0.001139759,-0.000976737,-0.000892997,-0.001060476,-0.000975897,-0.000962314,-0.000989479,-0.000986913,-0.001087049,-0.000886776,-0.000938629,-0.000853879,-0.001023378,-0.000870289,-0.000816049,-0.000924529
558.726,-0.001030914,-0.001017219,-0.001044608,-0.000957456,-0.000910319,-0.001004593,-0.001027148,-0.000948489,-0.001105808,-0.000968806,-0.001079544,-0.000858067,-0.000875802,-0.00082466,-0.000926945,-0.000985364,-0.000997389,-0.000973339
560.707,-0.001032847,-0.001063181,-0.001002513,-0.000915688,-0.00085791,-0.000973466,-0.001096498,-0.001017486,-0.00117551,-0.000926878,-0.001024604,-0.000829152,-0.000893196,-0.000864307,-0.000922086,-0.00101113,-0.001056335,-0.000965925
562.686,-0.000948187,-0.001053187,-0.000843188,-0.000948712,-0.000984078,-0.000913345,-0.001124301,-0.00103722,-0.001211382,-0.000980013,-0.001092595,-0.000867431,-0.000936267,-0.00093654,-0.000935995,-0.001018983,-0.001086519,-0.000951447
564.665,-0.000961662,-0.00104562,-0.000877704,-0.000905596,-0.001023432,-0.000787759,-0.001066044,-0.000978831,-0.001153258,-0.000952826,-0.00100102,-0.000904632,-0.001042407,-0.00099204,-0.001092774,-0.000992704,-0.001137929,-0.000847478
566.643,-0.001042118,-0.001038541,-0.001045696,-0.000841593,-0.000925851,-0.000757335,-0.001022231,-0.000991152,-0.00105331,-0.000862279,-0.000892672,-0.000831886,-0.00110389,-0.001022147,-0.001185633,-0.000986862,-0.001194997,-0.000778727
568.62,-0.001034978,-0.001036269,-0.001033686,-0.000826546,-0.000889531,-0.00076356,-0.000958556,-0.000933344,-0.000983769,-0.000854595,-0.000851069,-0.000858121,-0.001049866,-0.000995344,-0.001104388,-0.000961376,-0.001130341,-0.00079241
570.596,-0.001013312,-0.001035115,-0.000991509,-0.000762214,-0.000862962,-0.000661465,-0.000903134,-0.000910881,-0.000895387,-0.000886847,-0.000889166,-0.000884528,-0.001039219,-0.00100229,-0.001076149,-0.000896613,-0.000978349,-0.000814876
572.571,-0.00099854,-0.000985255,-0.001011826,-0.000770078,-0.000839301,-0.000700855,-0.000838547,-0.000834945,-0.000842149,-0.000939658,-0.000924263,-0.000955053,-0.000913627,-0.000947522,-0.000879732,-0.00080298,-0.000857234,-0.000748726
574.545,-0.000882659,-0.000949357,-0.000815961,-0.000761953,-0.000813409,-0.000710496,-0.000814562,-0.000790571,-0.000838552,-0.000915869,-0.000886405,-0.000945333,-0.000809035,-0.000770508,-0.000847561,-0.000848335,-0.000925704,-0.000770966
576.519,-0.000896086,-0.000957667,-0.000834506,-0.000732176,-0.000678399,-0.000785952,-0.000837477,-0.000840035,-0.000834919,-0.000838228,-0.000790767,-0.000885689,-0.000790185,-0.000713603,-0.000866767,-0.000860025,-0.000881905,-0.000838144
578.491,-0.000798738,-0.000910477,-0.000687,-0.000762535,-0.000759863,-0.000765208,-0.000787792,-0.000822747,-0.000752837,-0.00088139,-0.00088966,-0.000873121,-0.00074393,-0.000644367,-0.000843494,-0.000840564,-0.000835117,-0.00084601
580.463,-0.000804959,-0.000836207,-0.000773711,-0.000713614,-0.000729801,-0.000697427,-0.000788146,-0.00083889,-0.000737403,-0.000917656,-0.000905789,-0.000929524,-0.00078589,-0.000694992,-0.000876787,-0.000793224,-0.000851669,-0.00073478
582.434,-0.000780403,-0.00070362,-0.000857186,-0.000653455,-0.000658648,-0.000648262,-0.000765422,-0.000865787,-0.000665056,-0.000870338,-0.000953542,-0.000787135,-0.00075055,-0.000608546,-0.000892555,-0.000825646,-0.000915681,-0.000735611
584.404,-0.000754776,-0.000731525,-0.000778027,-0.000695827,-0.00064018,-0.000751474,-0.000706424,-0.000738062,-0.000674787,-0.000844269,-0.000925492,-0.000763045,-0.0007411,-0.000620662,-0.000861539,-0.000750562,-0.000837936,-0.000663189
586.373,-0.000751074,-0.000736275,-0.000765873,-0.000658708,-0.000686072,-0.000631343,-0.000689667,-0.00073255,-0.000646784,-0.00085405,-0.000946272,-0.000761829,-0.000745798,-0.000664359,-0.000827238,-0.000714562,-0.000791353,-0.00063777
588.342,-0.000733869,-0.000780029,-0.000687709,-0.00066351,-0.000677052,-0.000649969,-0.000639407,-0.000659123,-0.00061969,-0.000829566,-0.000937756,-0.000721375,-0.000690039,-0.00064488,-0.000735197,-0.000652958,-0.000709059,-0.000596856
590.309,-0.000717433,-0.000830574,-0.000604291,-0.000632035,-0.000628051,-0.000636019,-0.00065389,-0.000679642,-0.000628138,-0.000773408,-0.000868864,-0.000677951,-0.000707398,-0.000614657,-0.00080014,-0.000690595,-0.000740736,-0.000640454
592.276,-0.00072503,-0.000915106,-0.000534954,-0.000604044,-0.000570253,-0.000637834,-0.000699107,-0.000663314,-0.0007349,-0.000697197,-0.000768442,-0.000625952,-0.000713602,-0.000616923,-0.000810282,-0.000716272,-0.000657086,-0.000775458
594.242,-0.000707391,-0.000989188,-0.000425594,-0.000592068,-0.000627782,-0.000556354,-0.000650986,-0.000690676,-0.000611296,-0.000745476,-0.00079107,-0.000699881,-0.000642324,-0.000605641,-0.000679007,-0.000692222,-0.000642029,-0.000742415
596.207,-0.000708444,-0.000920571,-0.000496317,-0.000593902,-0.000633819,-0.000553985,-0.000685124,-0.000768301,-0.000601946,-0.000810949,-0.000790976,-0.000830922,-0.000624766,-0.000616558,-0.000632974,-0.000700026,-0.000643715,-0.000756336
598.171,-0.000622941,-0.000763941,-0.000481941,-0.000593356,-0.000657613,-0.000529099,-0.000671202,-0.000777108,-0.000565297,-0.000774052,-0.000827185,-0.000720919,-0.000557106,-0.000529915,-0.000584297,-0.000709509,-0.000619042,-0.000799976
600.134,-0.000678421,-0.000832554,-0.000524288,-0.000648052,-0.000620806,-0.000675298,-0.000674245,-0.000727141,-0.00062135,-0.000751494,-0.000734634,-0.000768353,-0.000565374,-0.000441483,-0.000689264,-0.000696855,-0.000668312,-0.000725397
602.096,-0.000650368,-0.000782424,-0.000518312,-0.000708238,-0.00078069,-0.000635786,-0.000641778,-0.000671276,-0.000612279,-0.000726921,-0.000770918,-0.000682925,-0.000552368,-0.000451367,-0.00065337,-0.000627911,-0.000663699,-0.000592124
604.058,-0.000701861,-0.000784603,-0.000619118,-0.000704954,-0.000781176,-0.000628733,-0.000657347,-0.000686244,-0.00062845,-0.00075518,-0.000816376,-0.000693983,-0.000567943,-0.000417452,-0.000718434,-0.000647993,-0.000699385,-0.000596601
606.018,-0.000737747,-0.000807468,-0.000668026,-0.000733813,-0.000822157,-0.000645469,-0.000718728,-0.000711469,-0.000725987,-0.000729748,-0.000882021,-0.000577474,-0.000656741,-0.000407005,-0.000906476,-0.000712676,-0.000726796,-0.000698556
607.978,-0.000692373,-0.000747347,-0.0006374,-0.000717678,-0.000739503,-0.000695854,-0.000761626,-0.000661643,-0.000861609,-0.000741567,-0.000990056,-0.000493078,-0.000772524,-0.000545486,-0.000999562,-0.000709067,-0.000697294,-0.000720839
609.937,-0.000741734,-0.000762831,-0.000720637,-0.000713418,-0.00075675,-0.000670085,-0.000786872,-0.000765203,-0.000808542,-0.000796898,-0.001009036,-0.00058476,-0.000807433,-0.000621415,-0.00099345,-0.000740105,-0.000700192,-0.000780018
611.895,-0.000792136,-0.000691292,-0.00089298,-0.000769149,-0.000729046,-0.000809253,-0.000845908,-0.000811729,-0.000880087,-0.000895181,-0.001113429,-0.000676932,-0.000865548,-0.000693782,-0.001037315,-0.000729723,-0.000635858,-0.000823589
613.852,-0.000838029,-0.000736932,-0.000939126,-0.000781442,-0.000683031,-0.000879853,-0.000895714,-0.000915962,-0.000875466,-0.000936412,-0.00118357,-0.000689253,-0.000921571,-0.000732498,-0.001110643,-0.000754644,-0.00065648,-0.000852808
615.809,-0.000969656,-0.000918151,-0.001021162,-0.000825601,-0.000744216,-0.000906987,-0.000927244,-0.000958106,-0.000896383,-0.001014742,-0.001186573,-0.000842911,-0.000963885,-0.000774736,-0.001153034,-0.000813948,-0.000754028,-0.000873869
617.764,-0.001037941,-0.001063053,-0.00101283,-0.000855875,-0.000780421,-0.000931329,-0.000945618,-0.000997806,-0.000893429,-0.001051456,-0.001163756,-0.000939157,-0.000931907,-0.000883935,-0.00097988,-0.000842345,-0.000834691,-0.000849999
619.719,-0.00107507,-0.00111318,-0.00103696,-0.000915603,-0.000909164,-0.000922043,-0.000979486,-0.001069748,-0.000889223,-0.001150449,-0.001203333,-0.001097566,-0.000931743,-0.000908491,-0.000954994,-0.000995033,-0.001020921,-0.000969145
621.673,-0.001109846,-0.001306467,-0.000913226,-0.000958218,-0.001015724,-0.000900712,-0.001004058,-0.001074134,-0.000933983,-0.001223131,-0.001277108,-0.001169153,-0.000972684,-0.000943901,-0.001001466,-0.001065112,-0.001119291,-0.001010932
623.626,-0.001140788,-0.001363808,-0.000917769,-0.000913142,-0.000943994,-0.00088229,-0.001043855,-0.001025174,-0.001062536,-0.001191349,-0.001225596,-0.001157102,-0.000967285,-0.00095635,-0.00097822,-0.001110861,-0.001213609,-0.001008112
625.578,-0.00114159,-0.001343277,-0.000939903,-0.000992391,-0.0011174,-0.000867382,-0.001086549,-0.00106206,-0.001111037,-0.001165807,-0.00118675,-0.001144864,-0.00095222,-0.000934582,-0.000969858,-0.001127695,-0.001172856,-0.001082534
627.529,-0.001155871,-0.001283201,-0.001028542,-0.001027993,-0.001065528,-0.000990457,-0.001177042,-0.001075704,-0.00127838,-0.001157317,-0.001179181,-0.001135453,-0.000991158,-0.000988169,-0.000994148,-0.00111212,-0.001196798,-0.001027442
629.48,-0.001184829,-0.001366456,-0.001003201,-0.001062051,-0.001115442,-0.001008661,-0.001242893,-0.001178427,-0.001307359,-0.001144859,-0.001201465,-0.001088253,-0.001015641,-0.000987405,-0.001043877,-0.001136707,-0.001240219,-0.001033195
631.429,-0.001219776,-0.001337,-0.001102552,-0.001124695,-0.001167482,-0.001081908,-0.001239839,-0.001235043,-0.001244635,-0.001142799,-0.001233906,-0.001051692,-0.001126626,-0.001191655,-0.001061597,-0.001101253,-0.001132144,-0.001070362
633.378,-0.001273352,-0.001373502,-0.001173202,-0.001101519,-0.001073498,-0.001129541,-0.00131238,-0.001379838,-0.001244923,-0.001155482,-0.001209001,-0.001101963,-0.001151885,-0.001220762,-0.001083007,-0.001105497,-0.001184338,-0.001026656
635.326,-0.001171811,-0.001212319,-0.001131304,-0.001184769,-0.001207836,-0.001161703,-0.001311447,-0.001388394,-0.001234501,-0.001204525,-0.001243271,-0.001165778,-0.001167071,-0.001228996,-0.001105145,-0.001212802,-0.001290843,-0.001134761
637.273,-0.001236546,-0.001321464,-0.001151627,-0.001168219,-0.001200832,-0.001135606,-0.001304708,-0.001426629,-0.001182787,-0.001279005,-0.001240036,-0.001317974,-0.001220478,-0.001226845,-0.001214112,-0.001255234,-0.001370364,-0.001140105
639.219,-0.001185472,-0.001256055,-0.001114889,-0.001134047,-0.001191949,-0.001076144,-0.00129525,-0.001387787,-0.001202713,-0.001211778,-0.00113442,-0.001289135,-0.001234653,-0.001172371,-0.001296934,-0.001309406,-0.001391841,-0.001226971
641.164,-0.001141218,-0.001202473,-0.001079963,-0.001176752,-0.001327427,-0.001026077,-0.001256337,-0.001332846,-0.001179827,-0.001219826,-0.001182323,-0.00125733,-0.001206697,-0.001184568,-0.001228826,-0.001268615,-0.001371149,-0.00116608
643.109,-0.001119172,-0.001197942,-0.001040402,-0.001144316,-0.001262645,-0.001025987,-0.001288209,-0.001398269,-0.001178149,-0.001162985,-0.001115459,-0.00121051,-0.001205212,-0.001188493,-0.001221931,-0.001247668,-0.001406064,-0.001089272
645.053,-0.001143807,-0.001250236,-0.001037378,-0.001183937,-0.001306718,-0.001061156,-0.00134191,-0.001417798,-0.001266021,-0.00115981,-0.001145418,-0.001174203,-0.001190568,-0.00119253,-0.001188606,-0.001212542,-0.001398438,-0.001026647
646.995,-0.001225376,-0.001236358,-0.001214393,-0.001275735,-0.001332743,-0.001218727,-0.001261042,-0.001306466,-0.001215618,-0.001123506,-0.001140874,-0.001106138,-0.001298342,-0.001306451,-0.001290233,-0.001118352,-0.00124654,-0.000990165
648.937,-0.001227877,-0.001209794,-0.001245959,-0.001298722,-0.001324615,-0.001272829,-0.001302519,-0.001309776,-0.001295262,-0.001156258,-0.001212145,-0.00110037,-0.001315893,-0.001382759,-0.001249027,-0.001093454,-0.001303846,-0.000883063
650.878,-0.00121127,-0.00115162,-0.00127092,-0.001358214,-0.001370523,-0.001345906,-0.001282318,-0.001235266,-0.00132937,-0.00121742,-0.001256655,-0.001178185,-0.001293225,-0.001367635,-0.001218815,-0.001184934,-0.001366816,-0.001003051
652.819,-0.001230654,-0.001195247,-0.001266062,-0.001328717,-0.001320981,-0.001336453,-0.001306952,-0.001297063,-0.001316842,-0.001278814,-0.001267434,-0.001290193,-0.001388508,-0.001419645,-0.001357372,-0.001272269,-0.001406064,-0.001138474
654.758,-0.001247608,-0.001234144,-0.001261072,-0.001344958,-0.001403718,-0.001286198,-0.001334199,-0.001323492,-0.001344906,-0.001247385,-0.001266272,-0.001228498,-0.001426374,-0.001454677,-0.001398072,-0.001311679,-0.001336841,-0.001286517
656.697,-0.001293692,-0.001304886,-0.001282498,-0.001302708,-0.001446389,-0.001159026,-0.001300354,-0.001327183,-0.001273525,-0.001300925,-0.001376916,-0.001224934,-0.001365306,-0.001438513,-0.0012921,-0.001333974,-0.001337748,-0.0013302
658.634,-0.001352327,-0.001450299,-0.001254355,-0.001286698,-0.001446389,-0.001127006,-0.001285834,-0.001364908,-0.001206761,-0.001297429,-0.001396327,-0.00119853,-0.001294557,-0.001317963,-0.001271151,-0.001361508,-0.001328782,-0.001394234
660.571,-0.00143863,-0.001486106,-0.001391154,-0.001292132,-0.001391581,-0.001192682,-0.001309571,-0.001391512,-0.00122763,-0.001311431,-0.001426953,-0.001195909,-0.001235019,-0.00119105,-0.001278988,-0.00135304,-0.001311847,-0.001394234
662.507,-0.001494974,-0.001534211,-0.001455738,-0.001352048,-0.001357143,-0.001346954,-0.001256948,-0.001317393,-0.001196503,-0.001288437,-0.00139592,-0.001180954,-0.001120006,-0.00102705,-0.001212962,-0.001308906,-0.001223579,-0.001394234
664.443,-0.001517335,-0.001528593,-0.001506077,-0.001369161,-0.001305813,-0.001432509,-0.001270088,-0.001329148,-0.001211028,-0.001347432,-0.001426953,-0.001267911,-0.001089081,-0.001041036,-0.001137127,-0.001278406,-0.001254965,-0.001301847
666.377,-0.001494963,-0.001469829,-0.001520096,-0.001384614,-0.001283309,-0.001485919,-0.001266006,-0.001322382,-0.001209631,-0.001374093,-0.001409593,-0.001338592,-0.001025576,-0.000975315,-0.001075838,-0.001289118,-0.001314661,-0.001263575
668.31,-0.001476506,-0.001432915,-0.001520096,-0.001329165,-0.001172411,-0.001485919,-0.001312467,-0.001374577,-0.001250357,-0.001345508,-0.001317429,-0.001373588,-0.001135684,-0.001088566,-0.001182802,-0.001335795,-0.001359628,-0.001311963
670.243,-0.001527455,-0.001534813,-0.001520096,-0.001370358,-0.001266729,-0.001473988,-0.001368731,-0.001416787,-0.001320675,-0.001312656,-0.001309972,-0.001315339,-0.001235308,-0.001256521,-0.001214095,-0.00132764,-0.001374827,-0.001280452
672.175,-0.001445819,-0.001440277,-0.001451361,-0.001408785,-0.001385365,-0.001432205,-0.001352459,-0.00142204,-0.001282877,-0.001327522,-0.001378728,-0.001276315,-0.001327241,-0.001405629,-0.001248852,-0.001346717,-0.001384922,-0.001308512
674.106,-0.001458696,-0.001528959,-0.001388432,-0.001431529,-0.001417991,-0.001445066,-0.001351108,-0.001401916,-0.001300299,-0.001349768,-0.001374808,-0.001324729,-0.001403311,-0.001486724,-0.001319899,-0.001367256,-0.001406064,-0.001328447
676.036,-0.00146022,-0.001487841,-0.001432599,-0.001409715,-0.001364021,-0.001455409,-0.001387749,-0.001377792,-0.001397705,-0.001384184,-0.001426953,-0.001341416,-0.001448358,-0.001486724,-0.001409992,-0.001365704,-0.001379081,-0.001352327
677.966,-0.00148555,-0.001534813,-0.001436288,-0.001378686,-0.0012893,-0.001468072,-0.001418387,-0.001395931,-0.001440844,-0.001350147,-0.001332594,-0.0013677,-0.001439278,-0.001486724,-0.001391831,-0.001322211,-0.001278056,-0.001366366
679.894,-0.001490358,-0.001534813,-0.001445902,-0.001341188,-0.001276589,-0.001405787,-0.001384952,-0.001329061,-0.001440844,-0.001420298,-0.001382823,-0.001457774,-0.001443281,-0.00147657,-0.001409992,-0.001282375,-0.001261063,-0.001303687
681.822,-0.001437845,-0.001458392,-0.001417297,-0.00132641,-0.001263811,-0.00138901,-0.001379151,-0.001317458,-0.001440844,-0.001401943,-0.001346112,-0.001457774,-0.001354494,-0.001392525,-0.001316463,-0.001295971,-0.001274997,-0.001316946
683.748,-0.001440366,-0.00138518,-0.001495551,-0.001283633,-0.001207587,-0.001359679,-0.001334835,-0.00132291,-0.00134676,-0.001380291,-0.001302807,-0.001457774,-0.001365645,-0.001338188,-0.001393102,-0.001291091,-0.001253202,-0.00132898
685.674,-0.001402502,-0.001406373,-0.001398631,-0.001284343,-0.001274784,-0.001293903,-0.001336904,-0.001342905,-0.001330902,-0.001327341,-0.001274493,-0.001380188,-0.001321474,-0.001349718,-0.001293231,-0.001278366,-0.001325583,-0.00123115
687.6,-0.001384525,-0.001297614,-0.001471436,-0.001385941,-0.00132228,-0.001449603,-0.001336882,-0.001396725,-0.00127704,-0.001357324,-0.00132337,-0.001391279,-0.001286367,-0.001346899,-0.001225835,-0.00122868,-0.001302817,-0.001154544
689.524,-0.00143399,-0.001408313,-0.001459668,-0.001368243,-0.00125138,-0.001485107,-0.001336162,-0.001370203,-0.001302121,-0.001356942,-0.001327393,-0.001386491,-0.001316733,-0.001357264,-0.001276203,-0.001180686,-0.001329006,-0.001032366
691.447,-0.001449541,-0.001412316,-0.001486766,-0.001315203,-0.001219707,-0.0014107,-0.00136166,-0.001345306,-0.001378015,-0.001382788,-0.001406199,-0.001359378,-0.00136425,-0.001390968,-0.001337532,-0.001144484,-0.001276236,-0.001012732
693.37,-0.001527455,-0.001534813,-0.001520096,-0.001219601,-0.001185976,-0.001253226,-0.001378087,-0.00133634,-0.001419835,-0.001366085,-0.001408457,-0.001323714,-0.001303609,-0.001325076,-0.001282141,-0.001094271,-0.001198955,-0.000989587
695.292,-0.00152244,-0.001528532,-0.001516347,-0.001195258,-0.001228816,-0.0011617,-0.001322473,-0.001249789,-0.001395157,-0.001370499,-0.001426953,-0.001314045,-0.001253421,-0.001327804,-0.001179037,-0.001098429,-0.001230824,-0.000966034
697.213,-0.001491299,-0.001523384,-0.001459214,-0.001134923,-0.001157534,-0.001112312,-0.001243186,-0.001223807,-0.001262564,-0.00131738,-0.001347248,-0.001287513,-0.001211379,-0.00126881,-0.001153947,-0.001126861,-0.001197844,-0.001055879
699.133,-0.001348662,-0.001338078,-0.001359245,-0.001095612,-0.001144007,-0.001047216,-0.001147721,-0.001196108,-0.001099333,-0.001211609,-0.001228691,-0.001194528,-0.001163768,-0.001206029,-0.001121506,-0.001052755,-0.001059144,-0.001046366
701.052,-0.001325805,-0.0013475,-0.001304109,-0.001063244,-0.001141097,-0.000985391,-0.001101215,-0.001182485,-0.001019945,-0.001136087,-0.001145052,-0.001127123,-0.001133358,-0.001249904,-0.001016813,-0.001030622,-0.001049221,-0.001012023
702.971,-0.001279734,-0.001249482,-0.001309985,-0.001080348,-0.001160138,-0.001000557,-0.001035355,-0.001151244,-0.000919466,-0.001135033,-0.001094762,-0.001175303,-0.001077468,-0.001191119,-0.000963817,-0.000952202,-0.001018109,-0.000886296
704.888,-0.001241842,-0.001299802,-0.001183882,-0.001038423,-0.001078019,-0.000998826,-0.000919161,-0.000980069,-0.000858254,-0.001065114,-0.000999119,-0.001131109,-0.001108074,-0.001192173,-0.001023974,-0.00092675,-0.000991982,-0.000861518
706.805,-0.001164563,-0.001199973,-0.001129153,-0.001012134,-0.001084373,-0.000939896,-0.000902426,-0.000954669,-0.000850183,-0.001024153,-0.001010452,-0.001037854,-0.001130019,-0.001147021,-0.001113017,-0.000994872,-0.001029033,-0.000960712
708.721,-0.001226173,-0.001267686,-0.00118466,-0.000946247,-0.001027784,-0.000864709,-0.000888799,-0.00088315,-0.000894448,-0.000979368,-0.001041275,-0.00091746,-0.001071209,-0.001010182,-0.001132236,-0.000960934,-0.00098637,-0.000935498
710.636,-0.001141958,-0.001139942,-0.001143973,-0.001014276,-0.001041598,-0.000986954,-0.000911617,-0.000928913,-0.000894321,-0.000935819,-0.00098631,-0.000885328,-0.00103787,-0.000961625,-0.001114115,-0.000953518,-0.001006249,-0.000900787
712.551,-0.001038545,-0.000996876,-0.001080214,-0.000960664,-0.000946884,-0.000974444,-0.000858276,-0.000863322,-0.00085323,-0.000915637,-0.000946866,-0.000884409,-0.000955181,-0.000803486,-0.001106876,-0.000979345,-0.000979994,-0.000978697
714.464,-0.000929293,-0.000850179,-0.001008408,-0.000894349,-0.000878102,-0.000910596,-0.000852729,-0.000844404,-0.000861055,-0.000863129,-0.000849144,-0.000877115,-0.000930237,-0.000746959,-0.001113514,-0.000880109,-0.000868954,-0.000891263
716.377,-0.00095438,-0.000943372,-0.000965388,-0.00086443,-0.000848631,-0.000880229,-0.000785829,-0.00082717,-0.000744488,-0.000888816,-0.000841037,-0.000936596,-0.000873706,-0.000751093,-0.000996318,-0.000823467,-0.000872827,-0.000774108
718.289,-0.000927823,-0.000930529,-0.000925116,-0.000849694,-0.000872013,-0.000827376,-0.000693294,-0.000668827,-0.000717761,-0.00088519,-0.000818813,-0.000951567,-0.000766527,-0.000689525,-0.000843528,-0.000767578,-0.000885448,-0.000649707
720.2,-0.000921852,-0.00098241,-0.000861293,-0.000832577,-0.000822626,-0.000842529,-0.000590203,-0.000545342,-0.000635065,-0.000823261,-0.000737613,-0.000908909,-0.000771055,-0.000736508,-0.000805602,-0.000788033,-0.00087043,-0.000705637
722.11,-0.00087457,-0.001024974,-0.000724166,-0.000799576,-0.000770442,-0.00082871,-0.000609923,-0.000570889,-0.000648957,-0.000772392,-0.000760347,-0.000784438,-0.000750427,-0.000762958,-0.000737895,-0.000795216,-0.000847854,-0.000742578
724.019,-0.000937044,-0.001099241,-0.000774846,-0.000772745,-0.000717321,-0.00082817,-0.000638189,-0.000650753,-0.000625625,-0.000700622,-0.000803066,-0.000598178,-0.000718995,-0.000765607,-0.000672383,-0.00072941,-0.00082545,-0.00063337
725.928,-0.000922609,-0.000995294,-0.000849924,-0.000842773,-0.000731921,-0.000953625,-0.000747498,-0.000835085,-0.000659911,-0.000724511,-0.000836104,-0.000612918,-0.000696188,-0.000743912,-0.000648464,-0.00074001,-0.000875078,-0.000604942
727.835,-0.000906789,-0.000943585,-0.000869993,-0.000772973,-0.00073877,-0.000807177,-0.000772212,-0.000835563,-0.000708861,-0.000739215,-0.000880417,-0.000598013,-0.000671004,-0.000704693,-0.000637316,-0.00083317,-0.00092323,-0.00074311
729.742,-0.00099447,-0.001041045,-0.000947894,-0.00077272,-0.000711976,-0.000833463,-0.000826759,-0.000944314,-0.000709205,-0.000747387,-0.000806419,-0.000688354,-0.000815589,-0.000784952,-0.000846226,-0.000815196,-0.000900077,-0.000730314
731.648,-0.001023051,-0.00108074,-0.000965361,-0.000788297,-0.000755944,-0.00082065,-0.000825412,-0.000948855,-0.000701969,-0.000811205,-0.000801291,-0.000821119,-0.000846031,-0.000862426,-0.000829635,-0.000819861,-0.000871366,-0.000768355
733.553,-0.000989485,-0.001001125,-0.000977845,-0.000804025,-0.000788864,-0.000819187,-0.000816413,-0.000879885,-0.000752941,-0.000883405,-0.000815928,-0.000950882,-0.000927641,-0.000878602,-0.000976679,-0.000904838,-0.000936413,-0.000873263
735.458,-0.001032265,-0.001047808,-0.001016722,-0.000924495,-0.000980926,-0.000868064,-0.000870387,-0.000940887,-0.000799887,-0.000900629,-0.000808033,-0.000993224,-0.001022157,-0.000968563,-0.00107575,-0.000947575,-0.000891363,-0.001003788
737.361,-0.001049805,-0.001099334,-0.001000277,-0.000987506,-0.00103444,-0.000940571,-0.000963162,-0.000996234,-0.00093009,-0.00093979,-0.000852454,-0.001027125,-0.001067502,-0.001019703,-0.0011153,-0.000988815,-0.000865481,-0.001112149
739.264,-0.001093731,-0.001065649,-0.001121813,-0.001123903,-0.001252697,-0.000995109,-0.001047247,-0.001085694,-0.0010088,-0.001000308,-0.00100368,-0.000996936,-0.001078734,-0.001034065,-0.001123403,-0.001039365,-0.000997421,-0.001081309
741.166,-0.001078782,-0.000940252,-0.001217311,-0.001223381,-0.001264947,-0.001181815,-0.001110944,-0.001088707,-0.001133181,-0.001089801,-0.001136287,-0.001043316,-0.001025297,-0.000971164,-0.001079431,-0.001104995,-0.001149365,-0.001060624
743.067,-0.001101813,-0.000989399,-0.001214227,-0.001200991,-0.001279979,-0.001122003,-0.001077249,-0.000976342,-0.001178157,-0.001190385,-0.001233919,-0.001146852,-0.001098983,-0.001038044,-0.001159923,-0.001224111,-0.001254346,-0.001193875
744.967,-0.001209646,-0.001069968,-0.001349323,-0.001152723,-0.001174198,-0.001131248,-0.001096659,-0.000984015,-0.001209303,-0.001226611,-0.001280119,-0.001173103,-0.001167235,-0.001069853,-0.001264616,-0.001230618,-0.00130622,-0.001155017
746.867,-0.001215155,-0.001009069,-0.001421242,-0.001075651,-0.001109315,-0.001041986,-0.001134649,-0.001003554,-0.001265744,-0.001233249,-0.001224114,-0.001242385,-0.001290528,-0.0012437,-0.001337356,-0.001217369,-0.001292473,-0.001142264
748.765,-0.001141763,-0.001008278,-0.001275247,-0.001061244,-0.001048463,-0.001074024,-0.001107569,-0.001013157,-0.00120198,-0.001281053,-0.001216716,-0.001345389,-0.001362404,-0.001314816,-0.001409992,-0.001252041,-0.001355273,-0.001148809
750.663,-0.001199835,-0.001168482,-0.001231188,-0.001164315,-0.001191333,-0.001137297,-0.001199883,-0.001051083,-0.001348683,-0.001198458,-0.00105947,-0.001337446,-0.0014003,-0.001391814,-0.001408786,-0.001177775,-0.0012152,-0.001140349
752.56,-0.001146044,-0.001182525,-0.001109562,-0.001227252,-0.001231737,-0.001222766,-0.001245418,-0.001164381,-0.001326455,-0.001174305,-0.00107596,-0.00127265,-0.001406528,-0.001471845,-0.00134121,-0.001176068,-0.001210092,-0.001142044
754.456,-0.001101938,-0.001066732,-0.001137144,-0.001272223,-0.001295349,-0.001249097,-0.001248341,-0.001249957,-0.001246724,-0.001174852,-0.001133866,-0.001215839,-0.001337783,-0.001452554,-0.001223011,-0.001168984,-0.001266578,-0.00107139
756.352,-0.00098683,-0.000973684,-0.000999975,-0.001360064,-0.001298501,-0.001421627,-0.001171345,-0.001209121,-0.001133568,-0.001154559,-0.001169536,-0.001139582,-0.001245395,-0.001343221,-0.001147568,-0.001173681,-0.001265274,-0.001082087
758.246,-0.000966291,-0.001011483,-0.000921098,-0.001317289,-0.001320724,-0.001313855,-0.001101315,-0.00110235,-0.00110028,-0.001241608,-0.001271369,-0.001211847,-0.001221191,-0.001287124,-0.001155259,-0.001233593,-0.001242337,-0.001224849
760.14,-0.001022878,-0.001011728,-0.001034027,-0.00125294,-0.001289758,-0.001216122,-0.001133859,-0.001166785,-0.001100933,-0.001187477,-0.001263421,-0.001111533,-0.001131785,-0.001136472,-0.001127098,-0.00121459,-0.001215154,-0.001214027
762.033,-0.001010663,-0.000973039,-0.001048288,-0.001218614,-0.001323032,-0.001114197,-0.001143048,-0.001166683,-0.001119414,-0.001167267,-0.001202161,-0.001132372,-0.001155385,-0.001159381,-0.00115139,-0.00117685,-0.001192896,-0.001160805
763.925,-0.001034347,-0.001045682,-0.001023013,-0.001181781,-0.001222323,-0.00114124,-0.001130652,-0.001141208,-0.001120096,-0.00117557,-0.001185928,-0.001165211,-0.001114206,-0.001073253,-0.001155159,-0.001191574,-0.001183633,-0.001199514
765.816,-0.001089192,-0.001111421,-0.001066963,-0.001182872,-0.00127541,-0.001090334,-0.00117554,-0.001165069,-0.001186011,-0.001123694,-0.001074882,-0.001172505,-0.001217752,-0.001169721,-0.001265783,-0.0011706,-0.001138561,-0.001202639
767.706,-0.001087506,-0.001108961,-0.001066051,-0.001124533,-0.001199204,-0.001049863,-0.001147225,-0.001185341,-0.001109108,-0.001116346,-0.001094151,-0.00113854,-0.001177958,-0.001206221,-0.001149695,-0.0011641,-0.001191303,-0.001136896
769.596,-0.001107135,-0.001033773,-0.001180496,-0.001099785,-0.001086165,-0.001113405,-0.001179178,-0.001316891,-0.001041465,-0.001056451,-0.001024091,-0.001088811,-0.001190099,-0.001311243,-0.001068956,-0.001146133,-0.001230646,-0.001061619
771.485,-0.001032206,-0.000973391,-0.001091021,-0.001129905,-0.001071313,-0.001188498,-0.001198308,-0.001348418,-0.001048197,-0.001075365,-0.001050847,-0.001099883,-0.001189376,-0.001321777,-0.001056974,-0.001167403,-0.001246387,-0.001088419
773.373,-0.001102516,-0.001083733,-0.0011213,-0.001129216,-0.001034136,-0.001224297,-0.001240173,-0.001340879,-0.001139467,-0.001167642,-0.001109678,-0.001225606,-0.001207218,-0.001339599,-0.001074837,-0.001167369,-0.001180689,-0.00115405
775.26,-0.001157307,-0.001114372,-0.001200243,-0.001190334,-0.00110271,-0.001277957,-0.001351414,-0.001426629,-0.001276198,-0.001215128,-0.001137612,-0.001292645,-0.0011718,-0.001302588,-0.001041011,-0.001164982,-0.001147649,-0.001182315
777.146,-0.001191659,-0.001158979,-0.001224338,-0.001239006,-0.001131342,-0.001346669,-0.001356568,-0.001411572,-0.001301563,-0.001291784,-0.001234294,-0.001349275,-0.001231978,-0.001374908,-0.001089048,-0.00117326,-0.001152575,-0.001193946
779.032,-0.001255609,-0.001256077,-0.001255142,-0.001332632,-0.001179555,-0.001485709,-0.001406573,-0.001426629,-0.001386516,-0.001323157,-0.001263028,-0.001383287,-0.001310687,-0.001409092,-0.001212282,-0.001243309,-0.0011989,-0.001287717
780.916,-0.001227177,-0.001317609,-0.001136745,-0.001372588,-0.001315392,-0.001429784,-0.001403101,-0.001371113,-0.001435089,-0.001348764,-0.001303507,-0.001394022,-0.001437379,-0.001464765,-0.001409992,-0.001307486,-0.00122661,-0.001388362
782.8,-0.001230106,-0.001324064,-0.001136147,-0.001406531,-0.001347457,-0.001465605,-0.00135527,-0.001291346,-0.001419195,-0.001330167,-0.001299913,-0.00136042,-0.001331354,-0.00135465,-0.001308058,-0.001331079,-0.001267925,-0.001394234
784.683,-0.001166766,-0.001277448,-0.001056084,-0.001437981,-0.001407862,-0.001468101,-0.001333712,-0.001277318,-0.001390106,-0.001321008,-0.001377164,-0.001264852,-0.001359495,-0.0014509,-0.00126809,-0.001321092,-0.001279994,-0.001362191
786.566,-0.001115637,-0.001179964,-0.00105131,-0.001404572,-0.001446389,-0.001362755,-0.001286047,-0.001233241,-0.001338854,-0.001318056,-0.001375018,-0.001261093,-0.001352495,-0.001438738,-0.001266251,-0.001380092,-0.001365949,-0.001394234
788.447,-0.001154535,-0.001229933,-0.001079137,-0.001416509,-0.001446389,-0.001386629,-0.001303572,-0.001285127,-0.001322017,-0.001272732,-0.001306204,-0.00123926,-0.001347975,-0.001343923,-0.001352026,-0.001346798,-0.001314118,-0.001379477
790.328,-0.001119151,-0.001126006,-0.001112296,-0.001334902,-0.001444506,-0.001225298,-0.001312948,-0.001299415,-0.001326481,-0.001264986,-0.001335773,-0.001194199,-0.001273147,-0.001294448,-0.001251847,-0.001348342,-0.001347487,-0.001349197
792.207,-0.001078101,-0.001094345,-0.001061857,-0.001283776,-0.001315429,-0.001252123,-0.001247003,-0.001260822,-0.001233185,-0.001232008,-0.001313547,-0.00115047,-0.001291987,-0.001275067,-0.001308907,-0.001306298,-0.001373528,-0.001239068
794.086,-0.001009581,-0.001079807,-0.000939355,-0.001263827,-0.001295467,-0.001232188,-0.00124269,-0.001243381,-0.001241998,-0.001171703,-0.001264546,-0.00107886,-0.001310064,-0.001309325,-0.001310803,-0.001283119,-0.001394141,-0.001172096
795.965,-0.000890827,-0.001008438,-0.000773217,-0.001153513,-0.001130734,-0.001176292,-0.001240838,-0.001233805,-0.001247872,-0.001125935,-0.001159275,-0.001092595,-0.001269966,-0.001178353,-0.001361578,-0.001201406,-0.001282161,-0.001120651
797.842,-0.00078243,-0.000858542,-0.000706317,-0.001077444,-0.00099268,-0.001162208,-0.001221209,-0.001250568,-0.00119185,-0.001040128,-0.001073199,-0.001007056,-0.001163974,-0.001117365,-0.001210584,-0.001151913,-0.001234773,-0.001069052
799.719,-0.000680542,-0.000831037,-0.000530046,-0.000970011,-0.000953587,-0.000986434,-0.00116002,-0.001156492,-0.001163548,-0.001018886,-0.001062722,-0.00097505,-0.00113037,-0.001103489,-0.001157252,-0.001130297,-0.00117261,-0.001087983
801.594,-0.000596854,-0.000708107,-0.000485601,-0.000903577,-0.000973423,-0.000833731,-0.00113152,-0.001149926,-0.001113115,-0.000941209,-0.000944534,-0.000937883,-0.001058751,-0.001052049,-0.001065453,-0.001167562,-0.001209608,-0.001125516
803.469,-0.000496359,-0.000620212,-0.000372505,-0.000867018,-0.000904706,-0.000829329,-0.001139437,-0.001142419,-0.001136455,-0.000859384,-0.000909729,-0.000809038,-0.001015912,-0.000983798,-0.001048026,-0.001138777,-0.001093999,-0.001183555
805.343,-0.000378007,-0.000447338,-0.000308675,-0.000812792,-0.00087666,-0.000748924,-0.001095753,-0.001098927,-0.00109258,-0.00082981,-0.000907157,-0.000752463,-0.000938749,-0.000941843,-0.000935655,-0.001121709,-0.00108621,-0.001157208
807.217,-0.000340383,-0.000387058,-0.000293707,-0.000794485,-0.00082044,-0.00076853,-0.00099859,-0.000926898,-0.001070281,-0.000770388,-0.000838236,-0.00070254,-0.000881992,-0.000834862,-0.000929121,-0.001047823,-0.00106873,-0.001026916
809.089,-0.000290038,-0.000268094,-0.000311982,-0.00071564,-0.0006937,-0.00073758,-0.000870562,-0.000782007,-0.000959117,-0.000765913,-0.000834545,-0.000697281,-0.000818195,-0.000823193,-0.000813197,-0.000977366,-0.001022146,-0.000932587
810.961,-0.000217792,-0.000162834,-0.00027275,-0.000585954,-0.000500532,-0.000671376,-0.000822086,-0.0007709,-0.000873272,-0.000741298,-0.000802081,-0.000680515,-0.000746602,-0.000706305,-0.000786899,-0.000865121,-0.000881832,-0.000848411
812.832,-0.000199349,-0.00017574,-0.000222958,-0.000532385,-0.000408256,-0.000656513,-0.000718328,-0.000720066,-0.000716589,-0.000640611,-0.000638295,-0.000642928,-0.000720494,-0.000712468,-0.00072852,-0.000773911,-0.000816424,-0.000731399
814.702,-8.95888E-05,-0.000122328,-5.68493E-05,-0.000467417,-0.000343097,-0.000591737,-0.000658882,-0.000641836,-0.000675927,-0.000572689,-0.000493938,-0.000651439,-0.000699511,-0.000680577,-0.000718446,-0.000683532,-0.000734702,-0.000632363
816.571,1.8002E-05,-4.5697E-05,8.1701E-05,-0.000470357,-0.000333205,-0.000607509,-0.000564165,-0.000524347,-0.000603983,-0.000522764,-0.000455642,-0.000589886,-0.000647746,-0.000672163,-0.000623328,-0.000561064,-0.000616135,-0.000505994
818.44,9.79558E-05,-7.61072E-06,0.000203522,-0.000373897,-0.000216737,-0.000531056,-0.000491158,-0.000458846,-0.000523469,-0.000453009,-0.000468162,-0.000437856,-0.000609937,-0.000587243,-0.000632631,-0.000432782,-0.000420759,-0.000444805
820.307,0.000184275,0.000117679,0.000250871,-0.000312047,-0.000187938,-0.000436157,-0.000412557,-0.000419036,-0.000406078,-0.000360379,-0.000438455,-0.000282304,-0.000497944,-0.000441618,-0.000554269,-0.000246366,-0.000218517,-0.000274216
822.174,0.000187476,0.000175786,0.000199165,-0.000211288,-8.49937E-05,-0.000337583,-0.000223133,-0.000168083,-0.000278182,-0.000209843,-0.000303525,-0.000116161,-0.000299054,-0.000270616,-0.000327491,-7.30288E-05,-0.000125039,-2.10183E-05
824.04,0.000262648,0.000359397,0.0001659,-3.67636E-05,6.09497E-06,-7.96222E-05,-2.48669E-05,-1.72686E-05,-3.24652E-05,-6.4691E-05,-0.000174946,4.5564E-05,-8.59377E-05,-6.39005E-05,-0.000107975,4.78252E-05,-3.24854E-05,0.000128136
825.906,0.000296514,0.000385054,0.000207973,0.000140641,6.63172E-05,0.000214966,0.000159132,0.000155423,0.000162841,0.000140534,-6.67789E-05,0.000347846,0.000113239,0.000131218,9.52596E-05,0.000200957,0.00012019,0.000281723
827.77,0.000359454,0.000428776,0.000290133,0.000198927,8.11818E-05,0.000316673,0.000400587,0.000305689,0.000495485,0.000380171,0.000278587,0.000481755,0.000284224,0.000267047,0.0003014,0.000327424,0.000240729,0.000414119
829.634,0.000519115,0.000559719,0.000478512,0.000258426,0.000126057,0.000390794,0.000599288,0.000570787,0.000627789,0.000568202,0.000474861,0.000661544,0.000468198,0.000447495,0.000488901,0.000525179,0.000452218,0.00059814
831.496,0.000624568,0.000545632,0.000703503,0.000353258,0.000300428,0.000406088,0.000809785,0.00087474,0.000744831,0.000694895,0.000621032,0.000768758,0.00060411,0.000547934,0.000660285,0.000692123,0.000624985,0.000759261
833.358,0.000659924,0.000584933,0.000734914,0.000546979,0.000467431,0.000626528,0.000988587,0.001067397,0.000909777,0.000851323,0.00080815,0.000894496,0.000810352,0.000821899,0.000798805,0.000862057,0.000820176,0.000903939
835.22,0.000765016,0.000680941,0.00084909,0.000676273,0.000643161,0.000709385,0.001089407,0.001192044,0.00098677,0.000969542,0.000915605,0.001023478,0.000988786,0.000968318,0.001009254,0.001039345,0.001046789,0.001031901
837.08,0.00093285,0.000929441,0.000936259,0.000813471,0.00082763,0.000799312,0.001265552,0.001390772,0.001140332,0.001055436,0.001063925,0.001046947,0.001174475,0.001095632,0.001253317,0.001117348,0.001117296,0.0011174
838.94,0.00107853,0.001100326,0.001056734,0.000952516,0.00087331,0.001031723,0.001353138,0.001466673,0.001239603,0.001120505,0.001173387,0.001067623,0.001215946,0.001167881,0.001264011,0.00118477,0.001226793,0.001142746
840.799,0.0011301,0.001105532,0.001154668,0.001102821,0.000977169,0.001228472,0.00134095,0.001391972,0.001289928,0.001152554,0.001153873,0.001151234,0.001239623,0.001164073,0.001315173,0.001215992,0.001250718,0.001181265
842.657,0.001296052,0.001289826,0.001302279,0.001147634,0.000974071,0.001321196,0.001373877,0.001373206,0.001374549,0.001178536,0.001182199,0.001174872,0.001300137,0.001204591,0.001395683,0.001220869,0.001249107,0.001192631
844.514,0.001414916,0.001308749,0.001521083,0.001155055,0.001005198,0.001304912,0.001322002,0.001348206,0.001295799,0.001128634,0.001084578,0.001172689,0.001271943,0.001168884,0.001375003,0.001230439,0.001205227,0.001255652
846.37,0.001450228,0.00126825,0.001632205,0.001178068,0.00113365,0.001222486,0.001216757,0.001248473,0.001185041,0.001076974,0.001058397,0.00109555,0.001173353,0.001110312,0.001236393,0.001169665,0.001063948,0.001275381
848.226,0.001390298,0.001237574,0.001543021,0.001193731,0.001136862,0.001250599,0.001137455,0.001103389,0.00117152,0.001032376,0.001016409,0.001048343,0.001201825,0.0011285,0.001275149,0.001146324,0.001053788,0.001238859
850.081,0.001356322,0.001214679,0.001497966,0.001161352,0.001141818,0.001180886,0.001025449,0.000945257,0.001105641,0.001005247,0.001008301,0.001002192,0.001120295,0.001082544,0.001158046,0.001090492,0.001022975,0.001158009
851.935,0.001367894,0.001309356,0.001426432,0.001128497,0.00116982,0.001087174,0.001033541,0.000966011,0.001101071,0.000946852,0.00096113,0.000932574,0.001032688,0.000987137,0.001078239,0.001023213,0.000983091,0.001063336
853.788,0.001363642,0.001307307,0.001419977,0.001170877,0.001213484,0.00112827,0.000978547,0.000929535,0.001027558,0.000909301,0.000971277,0.000847325,0.0009105,0.000922625,0.000898376,0.001004067,0.00102771,0.000980423
855.64,0.001289874,0.001208408,0.00137134,0.001246404,0.001254778,0.001238031,0.000923055,0.000920904,0.000925207,0.000927016,0.000962766,0.000891266,0.000919546,0.000966296,0.000872796,0.001048549,0.001135143,0.000961954
857.492,0.001330605,0.001284086,0.001377124,0.001315109,0.00132742,0.001302798,0.00095277,0.001017954,0.000887586,0.000981736,0.00099094,0.000972531,0.000976057,0.001027427,0.000924687,0.001152146,0.001227265,0.001077027
859.343,0.001429847,0.001316128,0.001543565,0.001435087,0.001438597,0.001431577,0.00092881,0.001059189,0.00079843,0.001079132,0.001095034,0.00106323,0.001000071,0.001051356,0.000948786,0.00115304,0.001164745,0.001141334
861.193,0.001518711,0.001404469,0.001632952,0.001516747,0.001514375,0.00151912,0.000973302,0.00111608,0.000830524,0.001196805,0.0011669,0.001226709,0.00106837,0.001142076,0.000994665,0.001225066,0.001206905,0.001243226
863.042,0.001563868,0.001548046,0.00157969,0.001644808,0.001616446,0.00167317,0.001069156,0.001133866,0.001004445,0.001284746,0.001213232,0.001356259,0.001163401,0.001207944,0.001118859,0.001341752,0.001373271,0.001310234
864.89,0.001630896,0.001663402,0.001598391,0.001723865,0.001661467,0.001786262,0.001136535,0.001092163,0.001180906,0.001413577,0.001319661,0.001507493,0.001180456,0.001268183,0.001092729,0.001392475,0.001393396,0.001391554
866.738,0.00159729,0.001722391,0.001472189,0.001679602,0.00163772,0.001721483,0.001213527,0.001163339,0.001263716,0.001453611,0.001409052,0.00149817,0.001207687,0.001213308,0.001202066,0.001423647,0.001386503,0.001460792
868.585,0.001628353,0.001748421,0.001508285,0.001692552,0.001613768,0.001771336,0.001278749,0.001194734,0.001362764,0.00142955,0.001450461,0.001408638,0.001232277,0.001248106,0.001216448,0.001426664,0.001402325,0.001451003
870.431,0.001495922,0.00168891,0.001302934,0.001565169,0.00145459,0.001675748,0.001291584,0.001243394,0.001339774,0.001427363,0.001457143,0.001397582,0.001261827,0.001285464,0.001238191,0.00140585,0.001407949,0.001403751
872.276,0.001451395,0.001680748,0.001222042,0.001428474,0.001386349,0.001470599,0.001297621,0.001210356,0.001384885,0.001370122,0.001419941,0.001320303,0.001224843,0.001296741,0.001152945,0.001330266,0.001327256,0.001333275
874.121,0.001405897,0.001565101,0.001246692,0.001321214,0.001316165,0.001326263,0.00122736,0.001203341,0.001251378,0.001303528,0.001344365,0.001262692,0.001244607,0.001365519,0.001123695,0.001170202,0.001193911,0.001146494
875.964,0.001409243,0.00150738,0.001311107,0.001200619,0.00124284,0.001158398,0.001160987,0.001201899,0.001120074,0.001217219,0.001213794,0.001220644,0.001141364,0.001305848,0.000976881,0.001102613,0.00111025,0.001094977
877.807,0.001363322,0.001487035,0.001239608,0.001133898,0.001143896,0.0011239,0.001080697,0.001106817,0.001054577,0.00107272,0.000967581,0.001177859,0.001058094,0.001168707,0.000947481,0.001090458,0.001115385,0.001065531
879.649,0.001321569,0.001374959,0.00126818,0.001108634,0.001150956,0.001066312,0.000958959,0.000966883,0.000951034,0.001041572,0.000858594,0.001224551,0.000971414,0.001084676,0.000858152,0.00096859,0.000955451,0.000981728
881.491,0.001249759,0.001264565,0.001234953,0.001073327,0.001107899,0.001038756,0.000850981,0.00090435,0.000797612,0.000947848,0.000803271,0.001092426,0.000924023,0.000930088,0.000917959,0.000903193,0.000858338,0.000948047
883.331,0.001208544,0.001132853,0.001284234,0.001123587,0.00117485,0.001072324,0.000756962,0.000824408,0.000689517,0.000875654,0.000800519,0.000950789,0.000837239,0.000771496,0.000902982,0.000897815,0.000820044,0.000975586
885.171,0.00119174,0.001137769,0.00124571,0.001036098,0.001025673,0.001046523,0.000672303,0.00067468,0.000669926,0.000887933,0.000766231,0.001009636,0.000797796,0.000735493,0.000860099,0.000816671,0.00069871,0.000934631
887.01,0.001180658,0.001121092,0.001240224,0.00092786,0.000937121,0.000918599,0.000617223,0.000564199,0.000670247,0.00080036,0.000707506,0.000893214,0.000721307,0.000697369,0.000745245,0.000763491,0.000675589,0.000851394
888.848,0.001163181,0.001064584,0.001261777,0.000809717,0.000862921,0.000756513,0.000558271,0.000492698,0.000623844,0.000768392,0.000686546,0.000850239,0.000660587,0.000634981,0.000686193,0.000653665,0.000622625,0.000684705
890.685,0.0011257,0.001032936,0.001218463,0.000663501,0.000674203,0.000652799,0.000501025,0.000442241,0.00055981,0.000668368,0.000626876,0.00070986,0.000544134,0.00050677,0.000581498,0.000651403,0.000612064,0.000690742
892.522,0.000974185,0.000941386,0.001006984,0.000555877,0.000525042,0.000586713,0.000509683,0.000452287,0.000567079,0.000597178,0.000527026,0.00066733,0.000541238,0.000403081,0.000679395,0.000620079,0.000652618,0.000587539
894.357,0.000749765,0.000770764,0.000728766,0.000434821,0.000465223,0.00040442,0.000494285,0.000410832,0.000577738,0.000591257,0.000602291,0.000580222,0.000550372,0.000509218,0.000591526,0.000548126,0.000611389,0.000484863
896.192,0.000618762,0.000575047,0.000662477,0.00044463,0.000471425,0.000417834,0.000501641,0.000434302,0.000568981,0.000547871,0.000581921,0.00051382,0.000573648,0.000508146,0.00063915,0.000527047,0.00062593,0.000428163
898.027,0.000321538,0.000286649,0.000356426,0.000454886,0.000558234,0.000351539,0.000484292,0.000492679,0.000475904,0.000584596,0.000691388,0.000477804,0.00053698,0.000470154,0.000603807,0.000525831,0.000570637,0.000481024
899.86,0.000318719,0.000182357,0.000455081,0.00040387,0.000443422,0.000364318,0.000480653,0.000476689,0.000484617,0.000600007,0.000646166,0.000553847,0.00061329,0.000586375,0.000640205,0.000509109,0.000498019,0.000520199
901.692,0.000255745,5.26948E-05,0.000458795,0.000361092,0.000455497,0.000266687,0.000509244,0.000479687,0.000538801,0.000557215,0.000606244,0.000508186,0.000588677,0.00055334,0.000624013,0.000479803,0.000456402,0.000503204
903.524,0.000343339,0.000137367,0.000549311,0.00039281,0.000537146,0.000248474,0.000514824,0.000524302,0.000505345,0.000575232,0.000542062,0.000608403,0.000544156,0.000521329,0.000566983,0.000432753,0.000377818,0.000487689
905.355,0.000412602,0.000263135,0.000562069,0.000389701,0.000532798,0.000246604,0.000568605,0.000636235,0.000500976,0.000504472,0.00043849,0.000570454,0.000510611,0.000436799,0.000584422,0.000441032,0.0003688,0.000513264
907.186,0.000437952,0.000302552,0.000573352,0.000428274,0.000539829,0.00031672,0.000586129,0.000606836,0.000565423,0.000431319,0.000344377,0.000518262,0.000484803,0.00036868,0.000600927,0.000434032,0.000429879,0.000438186
909.015,0.000401462,0.00030502,0.000497904,0.000349333,0.000449865,0.000248801,0.00056703,0.000503703,0.000630356,0.000421214,0.000375795,0.000466633,0.000469791,0.000380709,0.000558873,0.000442739,0.000459504,0.000425974
910.844,0.000376797,0.000315658,0.000437936,0.000337272,0.000405163,0.000269381,0.000554833,0.000510454,0.000599212,0.000438394,0.00033163,0.000545159,0.000387613,0.000278906,0.000496321,0.000416295,0.000434065,0.000398525
912.671,0.000228908,0.000232801,0.000225016,0.000282056,0.000344299,0.000219812,0.000480807,0.000445558,0.000516057,0.000424873,0.000389514,0.000460233,0.000340767,0.000257793,0.000423741,0.000409184,0.000407248,0.000411119
914.499,0.000187342,0.000154376,0.000220308,0.000185801,0.000188567,0.000183034,0.000432002,0.000413386,0.000450618,0.000413155,0.000435463,0.000390848,0.000375145,0.000336928,0.000413361,0.000443347,0.000470725,0.000415969
916.325,8.59738E-05,7.55722E-05,9.63754E-05,0.000107078,0.000122162,9.19934E-05,0.000389564,0.000327143,0.000451984,0.000360781,0.000441458,0.000280104,0.000391213,0.000391269,0.000391157,0.000374082,0.000442068,0.000306096
918.15,9.32239E-05,0.000169081,1.73669E-05,0.000149206,0.00018692,0.000111492,0.000328909,0.00034566,0.000312158,0.000370992,0.000393083,0.000348901,0.000378722,0.000458254,0.00029919,0.000331538,0.000374999,0.000288076
919.975,5.15881E-05,0.000146526,-4.33497E-05,0.000147676,0.000175255,0.000120097,0.000305359,0.000345782,0.000264935,0.000283438,0.000369399,0.000197477,0.000333109,0.000446682,0.000219537,0.000325441,0.000385332,0.00026555
921.799,1.34162E-05,5.25258E-05,-2.56935E-05,0.000176988,0.000170192,0.000183784,0.000280168,0.000254551,0.000305784,0.000187212,0.000258614,0.00011581,0.000339523,0.000419182,0.000259865,0.000291381,0.000382365,0.000200397
923.622,-6.88363E-05,-5.91841E-05,-7.84885E-05,0.000107192,0.000135131,7.92535E-05,0.000272431,0.000245077,0.000299784,0.000172779,0.000255175,9.03833E-05,0.000263614,0.000308608,0.00021862,0.000178088,0.000238879,0.000117297
925.444,-6.79037E-05,-4.71122E-05,-8.86952E-05,0.000151897,0.000209782,9.40127E-05,0.000249045,0.000302406,0.000195685,5.42862E-05,5.73157E-05,5.12567E-05,0.000155667,0.000220876,9.04576E-05,0.000106126,0.000124245,8.80064E-05
927.266,-0.000125349,-0.00014595,-0.000104747,0.000166032,0.000219204,0.00011286,0.000183818,0.000236365,0.000131271,1.67601E-05,4.31689E-05,-9.64872E-06,0.000102795,0.00018636,1.92299E-05,7.34447E-05,1.62848E-05,0.000130605
929.087,-0.000177036,-0.000244988,-0.000109084,9.53861E-05,0.000130663,6.01094E-05,0.000173188,0.0001908,0.000155577,8.43661E-06,1.98183E-05,-2.94511E-06,9.9134E-05,0.000191738,6.53026E-06,9.88017E-05,8.01554E-05,0.000117448
930.907,-0.000169627,-0.00023838,-0.000100874,2.63188E-05,5.80505E-05,-5.4129E-06,0.000116731,0.00012017,0.000113292,2.50948E-05,1.90838E-05,3.11059E-05,5.7283E-05,0.000111428,3.13845E-06,4.90858E-05,-2.94653E-06,0.000101118
932.726,-0.000180719,-0.000237212,-0.000124225,1.61434E-05,1.10417E-05,2.12452E-05,0.000118035,6.66057E-05,0.000169464,9.97915E-05,4.74675E-05,0.000152115,7.96438E-06,3.3964E-05,-1.80353E-05,8.66904E-05,1.53815E-05,0.000157999
934.545,-0.000166579,-0.000230085,-0.000103073,3.0823E-05,-1.63393E-05,7.79853E-05,7.73428E-05,-1.35091E-05,0.000168195,9.28723E-05,3.39534E-05,0.000151791,7.78397E-05,0.000154105,1.57405E-06,0.000150609,9.87119E-05,0.000202507
936.362,-0.000198249,-0.000253327,-0.000143172,6.35226E-05,5.36182E-05,7.3427E-05,0.000112484,-6.69202E-05,0.000291889,0.000175116,0.000125991,0.00022424,0.000195206,0.000188457,0.000201955,0.000156157,0.000162632,0.000149681
938.179,-0.000172477,-0.00017457,-0.000170384,3.83166E-05,5.4876E-05,2.17572E-05,0.000162411,-1.7196E-06,0.000326542,0.000146127,9.88767E-05,0.000193378,0.000193515,8.71426E-05,0.000299886,0.00014259,0.000131711,0.000153469
939.995,-0.000182283,-0.000170438,-0.000194129,7.23672E-05,8.55967E-05,5.91377E-05,0.000154599,5.87358E-05,0.000250462,0.000100462,4.26888E-05,0.000158236,0.000185859,6.01428E-05,0.000311576,0.000122906,7.56263E-05,0.000170186
941.811,-0.000257817,-0.000213618,-0.000302015,6.41728E-05,3.92106E-05,8.91351E-05,0.00015933,8.32522E-05,0.000235407,0.000102874,7.08478E-05,0.0001349,0.00020352,4.26471E-05,0.000364393,0.000125214,4.47233E-05,0.000205704
943.625,-0.000290921,-0.000213004,-0.000368839,4.09485E-05,5.21577E-06,7.66812E-05,0.000221886,0.000168721,0.000275051,3.72216E-05,-2.66731E-05,0.000101116,0.000229101,4.4539E-05,0.000413662,0.000145696,0.000106968,0.000184424
945.439,-0.00033417,-0.000240646,-0.000427693,3.45906E-05,-7.8575E-06,7.70387E-05,0.000229101,0.000244917,0.000213286,7.18452E-05,3.72763E-05,0.000106414,0.000121884,-5.65556E-05,0.000300323,0.000112166,7.43142E-05,0.000150017
947.252,-0.000382909,-0.000275699,-0.000490119,-7.77361E-06,-5.30664E-05,3.75192E-05,0.000217062,0.000218911,0.000215214,6.21511E-06,-7.285E-06,1.97152E-05,6.57939E-05,-5.69558E-05,0.000188544,0.000118503,8.38506E-05,0.000153155
949.064,-0.000314821,-0.000240314,-0.000389328,6.24122E-06,-2.67934E-05,3.92758E-05,0.00016167,0.000216909,0.000106431,-1.70083E-05,-1.94246E-05,-1.45921E-05,8.43745E-05,7.86227E-05,9.01264E-05,0.000111752,0.000111183,0.000112322
950.876,-0.000395429,-0.000375468,-0.000415391,-1.68457E-06,-8.35464E-06,4.98551E-06,0.000199043,0.000167478,0.000230607,4.75504E-05,9.95476E-05,-4.44671E-06,3.21712E-05,6.08631E-05,3.4793E-06,0.000139264,0.000209771,6.87576E-05
952.686,-0.00036149,-0.00030398,-0.000419,-0.000129817,-7.75709E-05,-0.000182062,0.000324264,0.000292948,0.000355581,2.94677E-05,0.000100964,-4.20291E-05,1.11692E-05,2.61733E-05,-3.83484E-06,0.00016732,0.000184111,0.000150529
954.496,-0.00037275,-0.000380727,-0.000364773,-0.00016215,-0.000161746,-0.000162554,0.000331844,0.000260701,0.000402986,0.000109407,0.000205281,1.35324E-05,5.13051E-05,0.000137268,-3.46577E-05,0.000190057,0.000177225,0.000202889
956.305,-0.000380139,-0.000364563,-0.000395715,-0.000147,-0.000135614,-0.000158386,0.000442984,0.000329979,0.000555988,6.26685E-05,0.00010255,2.27869E-05,0.000156934,0.000247305,6.6563E-05,0.000342086,0.000365869,0.000318303
958.114,-0.000319488,-0.000272195,-0.00036678,-3.33999E-05,5.80355E-06,-7.26034E-05,0.000583284,0.000528659,0.000637909,0.000193917,0.000155388,0.000232445,0.000277585,0.000365228,0.000189942,0.000437651,0.000447084,0.000428219
959.921,-0.000217858,-0.000217201,-0.000218514,0.000175317,0.000184467,0.000166167,0.000658247,0.000609904,0.00070659,0.00031228,0.000294432,0.000330128,0.000373381,0.00044314,0.000303621,0.000496616,0.000505802,0.000487429
961.728,-0.000116101,-0.000103078,-0.000129123,0.000298813,0.000304347,0.000293278,0.000703972,0.000640575,0.000767369,0.000370193,0.000381334,0.000359053,0.000472374,0.000498513,0.000446234,0.000550992,0.00051304,0.000588943
963.534,1.51568E-06,-4.25998E-05,4.56312E-05,0.000454765,0.00036072,0.00054881,0.000706676,0.000707765,0.000705587,0.000519251,0.000526522,0.000511979,0.000603762,0.00056121,0.000646314,0.000624062,0.000611132,0.000636992
965.339,1.55929E-05,5.24272E-06,2.59431E-05,0.000561956,0.000445969,0.000677943,0.000841052,0.000864894,0.00081721,0.000709249,0.000704804,0.000713695,0.000660084,0.000609478,0.00071069,0.000693579,0.00067336,0.000713798
967.144,-1.48649E-05,9.07697E-08,-2.98206E-05,0.000549527,0.000418571,0.000680484,0.000976213,0.000995791,0.000956634,0.000799021,0.000842614,0.000755428,0.00074961,0.000657642,0.000841579,0.000697677,0.000649107,0.000746247
968.947,-4.50741E-05,-3.42774E-05,-5.58708E-05,0.000628713,0.000447861,0.000809566,0.000964857,0.000983037,0.000946677,0.000792094,0.000818586,0.000765602,0.00078006,0.00069786,0.000862259,0.000759936,0.000774024,0.000745848
970.75,-4.79447E-05,-3.33993E-05,-6.249E-05,0.000542068,0.000437975,0.000646161,0.001017526,0.000968278,0.001066775,0.000698597,0.000650399,0.000746794,0.000730172,0.000651362,0.000808982,0.000851578,0.000920223,0.000782933
972.552,-6.57399E-05,-8.9684E-05,-4.17959E-05,0.000429617,0.00039179,0.000467443,0.000950958,0.000930782,0.000971135,0.000592819,0.000534192,0.000651445,0.000701432,0.000624155,0.000778708,0.000820855,0.000885686,0.000756023
974.354,-0.000143319,-0.000232993,-5.36448E-05,0.000324548,0.000317877,0.000331219,0.000760186,0.000719651,0.000800721,0.000343106,0.000325844,0.000360367,0.000488579,0.000431953,0.000545204,0.000729866,0.000749756,0.000709976
976.154,-0.000217136,-0.000265462,-0.000168809,8.60171E-05,0.000127272,4.47625E-05,0.000541476,0.00048045,0.000602501,0.000122638,8.98434E-05,0.000155432,0.000292949,0.000249268,0.000336629,0.000540726,0.000562348,0.000519104
977.954,-0.000319856,-0.000353749,-0.000285963,-0.000118541,-8.91272E-05,-0.000147956,0.000229122,0.00013956,0.000318685,-8.41849E-05,-0.00016194,-6.43019E-06,0.000101968,5.05146E-05,0.000153421,0.000351321,0.000373138,0.000329505
979.753,-0.000412723,-0.000361002,-0.000464444,-0.00035136,-0.000282494,-0.000420225,-3.72247E-06,-5.72175E-05,4.97725E-05,-0.000181124,-0.000194087,-0.000168161,-0.000106718,-0.000170068,-4.33689E-05,0.000123078,0.000123125,0.00012303
981.551,-0.000567114,-0.000537408,-0.00059682,-0.000482007,-0.000430267,-0.000533748,-0.000203883,-0.000295831,-0.000111935,-0.000364347,-0.000339224,-0.000389469,-0.00028092,-0.000353218,-0.000208622,-0.000144546,-0.000171106,-0.000117985
983.349,-0.00072333,-0.000594018,-0.000852643,-0.000551101,-0.000529014,-0.000573189,-0.000339998,-0.000436376,-0.000243619,-0.000520976,-0.000516045,-0.000525907,-0.000461085,-0.000531959,-0.000390211,-0.000324974,-0.000358721,-0.000291228
985.146,-0.000842276,-0.000757174,-0.000927378,-0.000608666,-0.000605299,-0.000612033,-0.000460101,-0.000600608,-0.000319594,-0.000605057,-0.00065554,-0.000554574,-0.000529027,-0.000506126,-0.000551929,-0.000517671,-0.00053994,-0.000495401
986.942,-0.000949626,-0.00095802,-0.000941231,-0.000667558,-0.000694178,-0.000640939,-0.000562349,-0.00066203,-0.000462668,-0.000742838,-0.00075668,-0.000728997,-0.000537751,-0.000568595,-0.000506907,-0.00063499,-0.000707825,-0.000562155
988.737,-0.000985005,-0.001021727,-0.000948283,-0.000659646,-0.000657534,-0.000661759,-0.000669018,-0.000752989,-0.000585047,-0.000807155,-0.000746427,-0.000867883,-0.000598584,-0.000503475,-0.000693693,-0.000735896,-0.000788855,-0.000682937
990.531,-0.000907325,-0.00096279,-0.00085186,-0.000735835,-0.000698867,-0.000772803,-0.000746892,-0.00079842,-0.000695364,-0.00081226,-0.000827176,-0.000797344,-0.000614322,-0.000450498,-0.000778146,-0.000727863,-0.000741201,-0.000714525
992.325,-0.000918934,-0.000864983,-0.000972885,-0.00075044,-0.00064354,-0.000857339,-0.000801639,-0.000879195,-0.000724082,-0.000822085,-0.000820244,-0.000823926,-0.000648357,-0.000511553,-0.000785161,-0.000780492,-0.000752903,-0.000808081
994.118,-0.000808525,-0.000818044,-0.000799006,-0.000797657,-0.000657335,-0.00093798,-0.00076189,-0.000821167,-0.000702613,-0.000786675,-0.000752592,-0.000820758,-0.000658475,-0.000547278,-0.000769672,-0.000655123,-0.000604334,-0.000705912
995.91,-0.000779778,-0.000882863,-0.000676693,-0.000757125,-0.000522224,-0.000992027,-0.000712288,-0.000774334,-0.000650241,-0.000822852,-0.000818122,-0.000827583,-0.000761179,-0.000683862,-0.000838496,-0.000660672,-0.000640771,-0.000680573
997.701,-0.000766073,-0.000826469,-0.000705677,-0.000674987,-0.000492193,-0.000857782,-0.000669532,-0.000701323,-0.000637741,-0.000748386,-0.000749767,-0.000747005,-0.000812224,-0.000750567,-0.00087388,-0.000620941,-0.000672731,-0.000569151
999.492,-0.000749716,-0.000816662,-0.00068277,-0.000592551,-0.000424814,-0.000760289,-0.000678478,-0.000684533,-0.000672422,-0.000709153,-0.000712685,-0.00070562,-0.000781753,-0.000712894,-0.000850612,-0.000624797,-0.000666698,-0.000582897
1001.282,-0.000694261,-0.00075154,-0.000636982,-0.000503402,-0.000410757,-0.000596046,-0.000666077,-0.000690214,-0.00064194,-0.000677908,-0.000594453,-0.000761363,-0.000775264,-0.000798913,-0.000751615,-0.000716851,-0.000808111,-0.000625591
1003.071,-0.000573769,-0.000598005,-0.000549534,-0.000402156,-0.000385906,-0.000418406,-0.000675026,-0.000637771,-0.000712281,-0.000656878,-0.000561103,-0.000752653,-0.000689423,-0.000695925,-0.000682922,-0.000755085,-0.00078045,-0.000729721
1004.859,-0.000455123,-0.00040941,-0.000500835,-0.000411525,-0.000437751,-0.000385298,-0.000667327,-0.000645551,-0.000689104,-0.000656096,-0.000551301,-0.000760891,-0.000624903,-0.000656703,-0.000593103,-0.000659549,-0.000643165,-0.000675934
1006.646,-0.000411808,-0.00021947,-0.000604146,-0.000404149,-0.000471798,-0.0003365,-0.000618245,-0.000592161,-0.00064433,-0.000636578,-0.000506838,-0.000766318,-0.00057214,-0.000666702,-0.000477578,-0.00063159,-0.000610131,-0.000653049
1008.433,-0.000280481,-0.000217414,-0.000343548,-0.000389637,-0.000456705,-0.00032257,-0.000524497,-0.000480315,-0.000568679,-0.000612889,-0.000531115,-0.000694662,-0.000471793,-0.000542848,-0.000400738,-0.00043321,-0.000365476,-0.000500944
1010.219,-0.000267057,-0.000243905,-0.000290209,-0.000337417,-0.00028713,-0.000387703,-0.000477988,-0.000421014,-0.000534963,-0.00058634,-0.000539914,-0.000632766,-0.000482354,-0.000566034,-0.000398674,-0.000421909,-0.000300666,-0.000543152
1012.004,-0.000209582,-0.000238042,-0.000181121,-0.000221863,-0.00012262,-0.000321106,-0.000453278,-0.00035994,-0.000546616,-0.00047999,-0.000460757,-0.000499222,-0.000446056,-0.000508533,-0.000383578,-0.000307251,-0.000227088,-0.000387415
1013.789,-0.000174004,-0.000169092,-0.000178916,-0.000197995,-8.51643E-05,-0.000310826,-0.000387376,-0.000380266,-0.000394487,-0.00034364,-0.000342612,-0.000344668,-0.000364358,-0.00034065,-0.000388066,-0.000294626,-0.000230446,-0.000358805
1015.572,-0.000110372,-0.000144644,-7.60989E-05,-5.73222E-05,6.63689E-05,-0.000181013,-0.00037774,-0.00041808,-0.000337401,-0.000283134,-0.000225378,-0.000340889,-0.000327873,-0.000252833,-0.000402912,-0.000375638,-0.000326248,-0.000425028
1017.355,-0.000129612,-0.000152331,-0.000106893,2.33094E-06,0.000104285,-9.96232E-05,-0.000311418,-0.000283788,-0.000339049,-0.00021367,-0.000230419,-0.000196921,-0.000305134,-0.000238268,-0.000372001,-0.000293099,-0.000226336,-0.000359862
1019.138,-0.000130443,-0.000128502,-0.000132385,-1.11375E-05,3.3603E-05,-5.58779E-05,-0.000264511,-0.000259628,-0.000269394,-0.000242482,-0.000214446,-0.000270519,-0.000236194,-0.00023463,-0.000237757,-0.000271045,-0.000217026,-0.000325064
1020.919,-0.00012234,-5.43823E-05,-0.000190298,5.10522E-07,-4.14619E-05,4.24829E-05,-0.000277313,-0.000243423,-0.000311204,-0.000212046,-0.00022067,-0.000203422,-0.000198413,-0.000254487,-0.000142339,-0.000191993,-0.000226805,-0.000157182
1022.7,-0.000100814,-8.11098E-05,-0.000120518,2.84952E-05,-2.95532E-06,5.99457E-05,-0.000320663,-0.000287958,-0.000353367,-0.000209633,-0.000281281,-0.000137984,-9.46803E-05,-0.000128652,-6.07086E-05,-0.000130573,-0.000107683,-0.000153463
1024.479,-0.000128411,-5.66655E-05,-0.000200157,6.52326E-05,2.60486E-05,0.000104417,-0.000329857,-0.000257228,-0.000402486,-0.000234386,-0.000302875,-0.000165897,-8.45133E-05,-0.000127824,-4.12026E-05,-0.000173862,-5.20593E-05,-0.000295665
1026.259,-9.42594E-05,1.27292E-05,-0.000201248,1.54989E-05,1.73976E-05,1.36001E-05,-0.000394057,-0.000341702,-0.000446412,-0.000215681,-0.000305668,-0.000125695,-3.23718E-05,-8.12457E-05,1.65021E-05,-0.000139222,-4.37605E-05,-0.000234684
1028.037,-4.15555E-05,5.0601E-05,-0.000133712,-3.71312E-05,-2.37397E-05,-5.05228E-05,-0.000294193,-0.000330605,-0.00025778,-0.000172405,-0.000251672,-9.3138E-05,2.40798E-05,7.20283E-05,-2.38688E-05,-0.000136246,-5.46713E-05,-0.000217821
1029.815,8.2675E-06,3.71275E-05,-2.05925E-05,-4.50868E-05,9.431E-05,-0.000184483,-0.000248206,-0.000271421,-0.000224991,-0.000232952,-0.000259214,-0.00020669,9.1569E-06,7.38817E-05,-5.55679E-05,-0.000163889,-6.01723E-05,-0.000267605
1031.591,4.17686E-05,5.18709E-05,3.16664E-05,-8.2726E-05,5.05082E-05,-0.00021596,-0.000104925,-8.99299E-05,-0.000119921,-0.000256228,-0.000315371,-0.000197084,-6.0598E-05,-1.21999E-05,-0.000108996,-0.000208984,-0.000105819,-0.000312148
1033.367,7.85442E-05,-2.63543E-05,0.000183443,-4.17941E-05,-7.97752E-06,-7.56107E-05,-7.16904E-05,-3.28352E-05,-0.000110546,-0.000274788,-0.000285835,-0.000263741,-0.000103198,-0.000124291,-8.21064E-05,-0.000254746,-0.000244212,-0.000265279
1035.143,0.000108564,9.1909E-06,0.000207938,1.53292E-05,1.27282E-05,1.79302E-05,-7.51051E-05,-4.1848E-05,-0.000108362,-0.000230724,-0.000225578,-0.000235869,-8.44841E-05,-0.000121499,-4.74693E-05,-0.000247107,-0.000345293,-0.000148921
1036.917,0.000164224,8.64554E-06,0.000319803,8.14687E-05,-7.09544E-06,0.000170033,-7.55241E-05,-1.76883E-05,-0.00013336,-0.000220609,-0.000220464,-0.000220755,-1.37714E-05,-5.12747E-05,2.37318E-05,-0.000225744,-0.000329616,-0.000121872
1038.691,0.000213023,0.000129946,0.0002961,0.000154457,4.26933E-05,0.00026622,-8.18067E-05,1.76017E-05,-0.000181215,-0.000165347,-5.54922E-05,-0.000275202,-3.08006E-05,-8.10628E-05,1.94616E-05,-0.000195502,-0.000276025,-0.000114978
1040.464,0.00033346,0.000359427,0.000307493,0.000113489,9.39696E-06,0.000217582,-7.96322E-05,-3.24532E-05,-0.000126811,-9.56995E-05,2.41468E-05,-0.000215546,0.000119703,2.46081E-05,0.000214798,-3.98551E-05,-7.75862E-05,-2.12391E-06
1042.236,0.000305758,0.000366713,0.000244803,0.000126364,0.000146177,0.000106551,5.37299E-05,0.000110912,-3.45217E-06,-4.4197E-05,5.62982E-05,-0.000144692,0.000163481,5.85293E-05,0.000268432,9.21754E-05,0.000112973,7.13783E-05
1044.008,0.000347814,0.000411177,0.000284451,0.000134597,0.000194871,7.43231E-05,4.06297E-05,8.64723E-05,-5.21289E-06,-4.35063E-05,1.78705E-06,-8.87997E-05,0.000198121,0.000111181,0.000285062,0.000125963,0.000195528,5.63981E-05
1045.779,0.000369647,0.000413427,0.000325866,0.000161675,0.000216466,0.000106884,5.42109E-05,4.76075E-05,6.08144E-05,-4.73469E-05,-6.83651E-05,-2.63287E-05,0.00023861,0.000106741,0.000370478,7.39984E-05,0.000225814,-7.78174E-05
1047.549,0.000402858,0.000420739,0.000384978,0.000217955,0.000189327,0.000246584,4.80065E-05,-2.15194E-05,0.000117532,-2.34352E-05,-4.01103E-05,-6.76021E-06,0.000195308,2.9399E-05,0.000361217,9.70323E-05,0.000165671,2.83935E-05
1049.318,0.000428649,0.000379885,0.000477413,0.000304567,0.00028744,0.000321694,2.95619E-05,-0.000115529,0.000174653,2.19103E-05,-1.06097E-05,5.44303E-05,0.000213983,4.67276E-05,0.000381237,0.000101315,8.75006E-05,0.00011513
1051.086,0.000560457,0.000491024,0.00062989,0.000438464,0.000377641,0.000499287,0.000118809,1.82304E-05,0.000219387,8.49545E-05,4.90802E-05,0.000120829,0.000261592,0.000101747,0.000421438,0.00012243,0.000110401,0.00013446
1052.854,0.000734211,0.000694671,0.000773752,0.000622932,0.000597673,0.000648192,0.000252212,0.000176626,0.000327799,0.000269568,0.000295279,0.000243856,0.000301603,0.000221514,0.000381692,0.000246523,0.000234324,0.000258722
1054.621,0.000931779,0.000894363,0.000969195,0.000818612,0.000784878,0.000852345,0.000498945,0.000482432,0.000515458,0.000569152,0.000520755,0.000617548,0.000602373,0.00052111,0.000683635,0.000477011,0.000497849,0.000456173
1056.387,0.001121051,0.001111713,0.001130388,0.001046527,0.001126459,0.000966594,0.000793782,0.000844068,0.000743496,0.000899186,0.000842995,0.000955376,0.000814756,0.000779327,0.000850185,0.000757279,0.000783097,0.000731461
1058.153,0.001452221,0.001389923,0.001514519,0.001354908,0.00140892,0.001300896,0.001026242,0.001133935,0.000918548,0.001132042,0.001044303,0.00121978,0.001171557,0.001235919,0.001107194,0.001045131,0.001086045,0.001004216
1059.917,0.001696681,0.00164454,0.001748821,0.001619186,0.00170256,0.001535811,0.001251287,0.001354158,0.001148417,0.001393905,0.001304025,0.001483784,0.001413781,0.001517089,0.001310473,0.001301642,0.001381718,0.001221565
1061.681,0.001944211,0.001936293,0.001952129,0.001832857,0.001836773,0.001828942,0.001492195,0.001557984,0.001426406,0.001553949,0.001523478,0.00158442,0.001616243,0.001690632,0.001541853,0.001535356,0.001544974,0.001525738
1063.445,0.002066306,0.002035603,0.002097008,0.00197258,0.0020479,0.00189726,0.001639861,0.001672081,0.001607642,0.001646456,0.001622921,0.001669991,0.001719132,0.001808709,0.001629556,0.001733842,0.001691287,0.001776398
1065.207,0.002178723,0.002172327,0.002185118,0.00204771,0.002099673,0.001995748,0.001749421,0.001790864,0.001707978,0.001681956,0.00166645,0.001697462,0.001764779,0.001847815,0.001681743,0.00181779,0.001811342,0.001824239
1066.969,0.002179046,0.002126604,0.002231488,0.002068649,0.002110352,0.002026946,0.001766239,0.001760909,0.001771569,0.001729586,0.00173417,0.001725002,0.00182061,0.001917626,0.001723593,0.001897049,0.001907547,0.001886551
1068.73,0.002129869,0.002090713,0.002169024,0.002053382,0.002073221,0.002033543,0.001784107,0.001728491,0.001839724,0.0018005,0.001837518,0.001763482,0.001882364,0.001937248,0.00182748,0.001903976,0.001934604,0.001873349
1070.49,0.002247798,0.002253261,0.002242336,0.002044639,0.002030944,0.002058334,0.001840754,0.001788594,0.001892915,0.001877431,0.001937136,0.001817725,0.001942516,0.001973516,0.001911517,0.001977952,0.001971812,0.001984093
1072.249,0.0024185,0.002441187,0.002395814,0.002119059,0.002082102,0.002156017,0.001925047,0.001917105,0.001932989,0.001964288,0.002023839,0.001904737,0.002135045,0.002128678,0.002141412,0.001933827,0.001949413,0.001918241
1074.008,0.002544667,0.00260374,0.002485594,0.00225543,0.002172482,0.002338377,0.001951125,0.001937094,0.001965155,0.002059391,0.002093525,0.002025257,0.00212119,0.002086002,0.002156377,0.001970717,0.001983626,0.001957809
1075.766,0.002670577,0.002792585,0.002548569,0.002383816,0.002261041,0.002506591,0.002064074,0.002036467,0.002091681,0.002175476,0.002218119,0.002132834,0.002274337,0.002262586,0.002286089,0.002004596,0.001964732,0.00204446
1077.523,0.002798512,0.002938751,0.002658274,0.002461671,0.002372384,0.002550957,0.002151526,0.002135782,0.002167271,0.002187422,0.002165531,0.002209312,0.002287101,0.002321263,0.002252939,0.002038784,0.001951964,0.002125603
1079.28,0.00283438,0.002892939,0.002775822,0.002516018,0.002465885,0.002566152,0.00214409,0.002171206,0.002116975,0.002228069,0.002150663,0.002305475,0.002291792,0.002353638,0.002229945,0.002038322,0.001996664,0.002079981
1081.035,0.002730868,0.002698004,0.002763732,0.002484549,0.002551846,0.002417252,0.002028954,0.001939086,0.002118821,0.002198963,0.002114126,0.002283801,0.002270129,0.002352333,0.002187925,0.002057727,0.002018112,0.002097343
1082.79,0.002656617,0.00264764,0.002665594,0.002391603,0.002451145,0.00233206,0.001939737,0.001755116,0.002124358,0.002108936,0.00206714,0.002150731,0.002172929,0.002275486,0.002070373,0.002006976,0.002017268,0.001996684
1084.544,0.002564416,0.002505517,0.002623315,0.002240117,0.002331457,0.002148777,0.001826613,0.001703202,0.001950024,0.002021355,0.001954817,0.002087893,0.002075771,0.002141723,0.00200982,0.001930375,0.001931948,0.001928803
1086.298,0.002388834,0.002351418,0.00242625,0.001991385,0.00208491,0.00189786,0.00167949,0.001561734,0.001797246,0.00189681,0.001830313,0.001963307,0.001989378,0.00203819,0.001940566,0.001703964,0.001752335,0.001655593
1088.05,0.002167575,0.00214563,0.002189521,0.001794634,0.001839974,0.001749293,0.001431654,0.001327487,0.00153582,0.00168025,0.001643806,0.001716693,0.001778569,0.001788611,0.001768526,0.001531983,0.001582595,0.00148137
1089.802,0.001930533,0.001957262,0.001903805,0.001498372,0.001484019,0.001512725,0.001311397,0.001190732,0.001432062,0.001465829,0.001490866,0.001440792,0.001570184,0.001612844,0.001527523,0.001298555,0.001338293,0.001258816
1091.554,0.001636926,0.001648242,0.00162561,0.001287374,0.001173884,0.001400864,0.001149843,0.001073675,0.001226012,0.001217311,0.001261095,0.001173527,0.001260967,0.001253797,0.001268138,0.00111687,0.001150737,0.001083003
1093.304,0.001239916,0.00119393,0.001285901,0.001003396,0.000940733,0.001066058,0.001004473,0.000965623,0.001043323,0.001020461,0.001102511,0.00093841,0.0009867,0.000988987,0.000984412,0.000926558,0.001006474,0.000846642
1095.054,0.000844114,0.000800031,0.000888198,0.000761575,0.000681655,0.000841495,0.000816984,0.00076611,0.000867859,0.000816634,0.00088074,0.000752528,0.000795259,0.000789869,0.000800649,0.000735953,0.00080512,0.000666786
1096.803,0.000530651,0.000589653,0.000471648,0.000518164,0.000449035,0.000587294,0.000691746,0.000642922,0.00074057,0.000583393,0.000663676,0.00050311,0.000579247,0.000528363,0.000630132,0.000621916,0.000685068,0.000558763
1098.551,0.000256175,0.000283945,0.000228406,0.000303558,0.00031718,0.000289936,0.000549773,0.000589305,0.000510242,0.000379968,0.000482354,0.000277583,0.000355883,0.000315498,0.000396268,0.000436079,0.000466297,0.00040586
1100.298,1.14739E-06,0.00010047,-9.81755E-05,6.74775E-05,0.000149353,-1.43986E-05,0.000407347,0.0004658,0.000348895,0.000246267,0.000297061,0.000195473,0.000270916,0.000250594,0.000291238,0.000358776,0.000376743,0.000340809
1102.045,-0.000180433,-0.000111937,-0.000248928,-1.35498E-05,5.71348E-05,-8.42343E-05,0.000290685,0.000311291,0.000270079,0.000138566,0.000195769,8.13632E-05,0.000185016,0.000137709,0.000232322,0.000214065,0.00014652,0.000281609
1103.791,-0.000191056,-6.40124E-05,-0.0003181,-0.000131436,-0.000130001,-0.00013287,0.00021031,0.000189473,0.000231147,-1.52899E-06,6.74483E-05,-7.05063E-05,0.000113835,4.13082E-05,0.000186361,0.000123093,1.5741E-05,0.000230445
1105.536,-0.000228517,-0.00023592,-0.000221113,-0.000108544,-0.000134244,-8.28444E-05,0.000157414,0.000138383,0.000176444,-5.22616E-05,-6.31469E-06,-9.82085E-05,3.78349E-05,-6.90347E-05,0.000144704,8.56664E-05,-2.93311E-05,0.000200664
1107.281,-0.00023624,-0.000333135,-0.000139345,-0.000104026,-0.000137679,-7.0373E-05,0.000121601,0.000112523,0.000130679,-4.49934E-05,3.0495E-05,-0.000120482,-2.39613E-05,-8.36225E-05,3.56999E-05,-8.36871E-06,-7.4633E-05,5.78955E-05
1109.024,-0.000257217,-0.0003653,-0.000149134,-8.32606E-05,-0.000164307,-2.21388E-06,4.32482E-05,9.98977E-06,7.65066E-05,-3.96784E-05,2.40761E-05,-0.000103433,-3.18541E-05,-0.000145446,8.17374E-05,-5.24891E-05,-0.000104849,-1.28851E-07
1110.767,-0.000201698,-0.000263053,-0.000140343,-0.000123923,-0.000130821,-0.000117025,-3.31305E-05,-9.59596E-05,2.96985E-05,-9.45922E-05,-6.07631E-06,-0.000183108,-5.62003E-05,-0.000164104,5.17031E-05,-0.000115819,-0.000109195,-0.000122443
1112.51,-0.000120606,-0.000193885,-4.73275E-05,-5.83575E-05,-2.45476E-05,-9.21674E-05,-0.000153092,-0.000174249,-0.000131934,-0.000146981,-4.11494E-05,-0.000252812,-0.000155623,-0.000246836,-6.441E-05,-0.000201166,-0.000197676,-0.000204655
1114.251,-0.00013503,-0.000164441,-0.000105619,-7.70056E-05,-1.71972E-05,-0.000136814,-0.000254972,-0.000255828,-0.000254115,-0.000172179,-0.00013321,-0.000211148,-0.000188688,-0.000273779,-0.000103597,-0.000204567,-0.000138587,-0.000270548
1115.992,-6.17732E-05,-6.57986E-05,-5.77479E-05,-6.55188E-05,-8.61595E-05,-4.4878E-05,-0.000298064,-0.000375125,-0.000221004,-0.000222566,-0.000220099,-0.000225033,-0.000145267,-0.000186963,-0.000103571,-0.000271505,-0.000257122,-0.000285888
1117.732,1.07155E-05,2.27076E-05,-1.27651E-06,-0.000143979,-0.000158207,-0.000129752,-0.000394081,-0.0004169,-0.000371262,-0.000271228,-0.000273118,-0.000269338,-0.000220948,-0.000261161,-0.000180734,-0.000285411,-0.00025386,-0.000316963
1119.471,2.73572E-05,-7.03172E-05,0.000125032,-0.000210071,-0.000201882,-0.00021826,-0.000399243,-0.000371712,-0.000426774,-0.000348562,-0.000395869,-0.000301256,-0.000256487,-0.00029379,-0.000219184,-0.000338315,-0.000315452,-0.000361178
1121.21,-0.000156643,-0.000280333,-3.29532E-05,-0.000323534,-0.000351469,-0.000295598,-0.000501773,-0.000387205,-0.00061634,-0.000431191,-0.000460711,-0.000401671,-0.000395035,-0.000435108,-0.000354962,-0.000453786,-0.00041167,-0.000495901
1122.948,-0.000314234,-0.000398319,-0.000230148,-0.000512595,-0.000486869,-0.000538321,-0.000606138,-0.000526766,-0.00068551,-0.000562256,-0.000530453,-0.00059406,-0.000514945,-0.00060845,-0.000421441,-0.000522127,-0.000474432,-0.000569821
1124.685,-0.000498607,-0.000593714,-0.0004035,-0.000708883,-0.000619386,-0.00079838,-0.000695011,-0.000586889,-0.000803132,-0.000740715,-0.0007282,-0.000753231,-0.00055745,-0.000625099,-0.000489802,-0.00067461,-0.000600873,-0.000748346
1126.421,-0.000748334,-0.000859417,-0.00063725,-0.000864862,-0.000793949,-0.000935776,-0.000808767,-0.000678359,-0.000939175,-0.000901893,-0.00085755,-0.000946236,-0.000777441,-0.00085426,-0.000700622,-0.000892413,-0.000850174,-0.000934652
1128.156,-0.000963533,-0.00104744,-0.000879625,-0.00107415,-0.001071393,-0.001076907,-0.000962621,-0.000869204,-0.001056038,-0.001109206,-0.001071634,-0.001146778,-0.000937926,-0.000961174,-0.000914678,-0.001057114,-0.000985316,-0.001128912
1129.891,-0.001092113,-0.00114988,-0.001034345,-0.001198024,-0.001208514,-0.001187535,-0.001050389,-0.001062542,-0.001038236,-0.001201784,-0.001175765,-0.001227802,-0.001067689,-0.001013715,-0.001121663,-0.001126063,-0.001088761,-0.001163365
1131.625,-0.001199045,-0.001301696,-0.001096394,-0.001325843,-0.001320426,-0.001331261,-0.001151351,-0.001165896,-0.001136806,-0.001239489,-0.001245487,-0.001233492,-0.001182142,-0.001123431,-0.001240853,-0.001186175,-0.001166572,-0.001205778
1133.359,-0.001253932,-0.001372652,-0.001135211,-0.001354586,-0.001352571,-0.0013566,-0.001219004,-0.001240491,-0.001197517,-0.001305895,-0.001332816,-0.001278973,-0.001280072,-0.001227739,-0.001332406,-0.001172299,-0.001145069,-0.001199529
1135.091,-0.001327744,-0.001468726,-0.001186762,-0.001316639,-0.001343987,-0.001289291,-0.001324562,-0.00131952,-0.001329603,-0.001292952,-0.001289281,-0.001296622,-0.001336692,-0.001315845,-0.00135754,-0.00125028,-0.001164722,-0.001335839
1136.823,-0.001241963,-0.001331469,-0.001152456,-0.001259718,-0.001279562,-0.001239875,-0.001343162,-0.001374239,-0.001312085,-0.00127029,-0.00119777,-0.00134281,-0.001354279,-0.001372048,-0.001336509,-0.001186409,-0.001053214,-0.001319604
1138.554,-0.001185923,-0.001275806,-0.001096041,-0.001232626,-0.001302733,-0.001162519,-0.001397922,-0.001380547,-0.001415297,-0.001219292,-0.001185314,-0.00125327,-0.00134803,-0.001446161,-0.001249898,-0.001204791,-0.001120591,-0.001288991
1140.285,-0.001169402,-0.001209176,-0.001129628,-0.001209939,-0.001295057,-0.001124821,-0.001373375,-0.001322424,-0.001424326,-0.001235068,-0.001187764,-0.001282372,-0.001395764,-0.001486724,-0.001304804,-0.001292264,-0.00120196,-0.001382568
1142.014,-0.00118589,-0.001153389,-0.001218392,-0.00121059,-0.001348136,-0.001073045,-0.001425806,-0.001410768,-0.001440844,-0.001336466,-0.001314329,-0.001358603,-0.001373426,-0.001486724,-0.001260127,-0.001248616,-0.001199006,-0.001298227
1143.743,-0.001261154,-0.001239149,-0.001283158,-0.001207122,-0.001297895,-0.001116349,-0.001433737,-0.001426629,-0.001440844,-0.001328572,-0.00129833,-0.001358814,-0.001426631,-0.001486724,-0.001366539,-0.001183748,-0.001189913,-0.001177584
1145.472,-0.001313869,-0.001306798,-0.001320941,-0.001240611,-0.001341939,-0.001139282,-0.001412636,-0.001405654,-0.001419618,-0.001383504,-0.001404871,-0.001362136,-0.001390303,-0.001446034,-0.001334572,-0.001180466,-0.001236347,-0.001124586
1147.199,-0.001440392,-0.001402475,-0.001478309,-0.001259298,-0.001262685,-0.001255911,-0.001370507,-0.001334526,-0.001406488,-0.001379203,-0.001426953,-0.001331453,-0.001448358,-0.001486724,-0.001409992,-0.00114026,-0.001199772,-0.001080748
1148.926,-0.001434158,-0.001419619,-0.001448697,-0.001295279,-0.001326756,-0.001263803,-0.001314323,-0.001319417,-0.001309229,-0.001376856,-0.001405596,-0.001348115,-0.001404976,-0.001431613,-0.001378339,-0.001170206,-0.001204217,-0.001136195
1150.652,-0.001448051,-0.001376006,-0.001520096,-0.001363922,-0.001386679,-0.001341165,-0.001303359,-0.001313254,-0.001293465,-0.001407966,-0.001418918,-0.001397015,-0.001382248,-0.001420927,-0.001343569,-0.001221379,-0.001261493,-0.001181265
1152.377,-0.001388059,-0.001256022,-0.001520096,-0.001387425,-0.001446389,-0.00132846,-0.001284527,-0.00130821,-0.001260844,-0.001358296,-0.001426953,-0.00128964,-0.00134168,-0.001436245,-0.001247115,-0.001335902,-0.001372297,-0.001299506
1154.101,-0.001350976,-0.001181856,-0.001520096,-0.001410777,-0.001446389,-0.001375165,-0.001288168,-0.001306784,-0.001269553,-0.001377362,-0.001426953,-0.001327771,-0.001349677,-0.001385303,-0.001314051,-0.001388901,-0.001386149,-0.001391653
1155.825,-0.001351359,-0.001182621,-0.001520096,-0.001391807,-0.001441629,-0.001341985,-0.001371622,-0.001387174,-0.001356069,-0.00140459,-0.001426953,-0.001382228,-0.001338448,-0.001390677,-0.00128622,-0.001376298,-0.001358362,-0.001394234
1157.548,-0.001285853,-0.001228427,-0.00134328,-0.001437862,-0.001435728,-0.001439996,-0.001391161,-0.001426629,-0.001355694,-0.001405131,-0.001368058,-0.001442203,-0.001380395,-0.00137864,-0.00138215,-0.001383922,-0.001398601,-0.001369243
1159.271,-0.001265085,-0.001303466,-0.001226704,-0.001426612,-0.001416568,-0.001436655,-0.001363007,-0.001392393,-0.001333621,-0.001442363,-0.001426953,-0.001457774,-0.001411463,-0.001412934,-0.001409992,-0.001400149,-0.001406064,-0.001394234
1160.992,-0.001301129,-0.001369148,-0.00123311,-0.001427432,-0.001368946,-0.001485919,-0.001368503,-0.00133695,-0.001400055,-0.001417136,-0.001392474,-0.001441798,-0.001448358,-0.001486724,-0.001409992,-0.001380846,-0.001406064,-0.001355628
1162.713,-0.001346184,-0.001478781,-0.001213587,-0.00144662,-0.001407321,-0.001485919,-0.001391219,-0.001410503,-0.001371934,-0.001387425,-0.001317076,-0.001457774,-0.001434379,-0.001458765,-0.001409992,-0.001371548,-0.001388057,-0.001355039
1164.433,-0.001390378,-0.001424196,-0.00135656,-0.001464284,-0.001442649,-0.001485919,-0.001427446,-0.001426629,-0.001428263,-0.001381784,-0.001305794,-0.001457774,-0.001385785,-0.001407565,-0.001364004,-0.001400149,-0.001406064,-0.001394234
1166.152,-0.001403271,-0.001423788,-0.001382755,-0.001457354,-0.001446389,-0.001468319,-0.001375777,-0.001413075,-0.00133848,-0.001337666,-0.001255453,-0.001419878,-0.001379229,-0.001442314,-0.001316143,-0.001398973,-0.001406064,-0.001391881
1167.871,-0.001437305,-0.001433368,-0.001441242,-0.001462051,-0.001446389,-0.001477712,-0.001423894,-0.001406943,-0.001440844,-0.001310424,-0.001255139,-0.001365708,-0.001415053,-0.001447294,-0.001382813,-0.001370487,-0.001393249,-0.001347725
1169.589,-0.001482594,-0.001445092,-0.001520096,-0.001399467,-0.001427642,-0.001371291,-0.001426872,-0.001412901,-0.001440844,-0.001297565,-0.001235512,-0.001359619,-0.001383694,-0.001422425,-0.001344963,-0.001288944,-0.001248447,-0.001329442
1171.306,-0.001448226,-0.001484437,-0.001412015,-0.001387426,-0.001382655,-0.001392197,-0.001416365,-0.001391885,-0.001440844,-0.00131609,-0.001284693,-0.001347487,-0.001335438,-0.001397371,-0.001273504,-0.001215012,-0.001214487,-0.001215537
1173.023,-0.001459801,-0.001508139,-0.001411463,-0.001357289,-0.001328351,-0.001386227,-0.001353547,-0.001308405,-0.001398689,-0.001376181,-0.001404741,-0.001347621,-0.001339176,-0.001393645,-0.001284707,-0.001239443,-0.00123493,-0.001243956
1174.738,-0.001483458,-0.001534813,-0.001432103,-0.001339894,-0.001237576,-0.001442212,-0.001305108,-0.001226011,-0.001384206,-0.001364361,-0.001369084,-0.001359638,-0.001371744,-0.001440952,-0.001302537,-0.001217049,-0.001205888,-0.001228211
1176.453,-0.001454815,-0.001534813,-0.001374818,-0.001302797,-0.001199704,-0.00140589,-0.001278832,-0.001203934,-0.001353731,-0.001354054,-0.001325743,-0.001382364,-0.001273817,-0.001298746,-0.001248888,-0.001198306,-0.001103606,-0.001293006
1178.168,-0.001492705,-0.001534813,-0.001450598,-0.001330701,-0.001224094,-0.001437309,-0.001222738,-0.001134145,-0.00131133,-0.001338087,-0.001288478,-0.001387696,-0.001222443,-0.001255558,-0.001189329,-0.001244065,-0.001135904,-0.001352225
1179.881,-0.00144658,-0.001534813,-0.001358347,-0.001264243,-0.001170483,-0.001358003,-0.001183627,-0.001088937,-0.001278316,-0.001257053,-0.001165077,-0.001349029,-0.001232648,-0.001310362,-0.001154934,-0.001274287,-0.001173551,-0.001375022
1181.594,-0.001467301,-0.001534813,-0.00139979,-0.001278968,-0.001254564,-0.001303373,-0.001203388,-0.001073079,-0.001333697,-0.00131065,-0.00126748,-0.001353819,-0.001202226,-0.0012809,-0.001123552,-0.001283046,-0.001171857,-0.001394234
1183.306,-0.001424411,-0.00141715,-0.001431672,-0.00125852,-0.001283001,-0.00123404,-0.001209373,-0.001170937,-0.001247808,-0.00133279,-0.001292044,-0.001373536,-0.001171068,-0.001254922,-0.001087214,-0.001244877,-0.001147545,-0.00134221
1185.017,-0.001394381,-0.001395085,-0.001393677,-0.001225447,-0.001230003,-0.001220892,-0.001173593,-0.00112446,-0.001222727,-0.001333102,-0.001323433,-0.00134277,-0.001150435,-0.001263893,-0.001036978,-0.001256473,-0.001204084,-0.001308863
1186.728,-0.001443358,-0.001404242,-0.001482474,-0.001273845,-0.001294231,-0.001253459,-0.00119494,-0.001181397,-0.001208482,-0.001333488,-0.001383737,-0.001283238,-0.001103401,-0.001197547,-0.001009256,-0.001257996,-0.001230393,-0.001285599
1188.438,-0.001430432,-0.001362292,-0.001498572,-0.001318718,-0.001294517,-0.001342919,-0.001194234,-0.001219973,-0.001168495,-0.001245478,-0.001282573,-0.001208383,-0.001149579,-0.001187704,-0.001111453,-0.0012497,-0.001249292,-0.001250107
1190.147,-0.001497896,-0.001498494,-0.001497299,-0.001315821,-0.001314418,-0.001317224,-0.001205543,-0.001226837,-0.001184249,-0.001189608,-0.001216796,-0.00116242,-0.001099363,-0.001112647,-0.00108608,-0.001194782,-0.001141915,-0.001247649
1191.855,-0.001527204,-0.001534312,-0.001520096,-0.001354364,-0.001258144,-0.001450585,-0.0011801,-0.001179588,-0.001180613,-0.001089902,-0.001069593,-0.001110211,-0.001099466,-0.00113809,-0.001060842,-0.001179998,-0.001152286,-0.00120771
1193.563,-0.001457943,-0.001534813,-0.001381073,-0.001279976,-0.001204779,-0.001355174,-0.001167027,-0.001138409,-0.001195645,-0.000971198,-0.000894232,-0.001048164,-0.001132497,-0.001164238,-0.001100756,-0.001157334,-0.001079496,-0.001235172
1195.27,-0.001483535,-0.001534813,-0.001432258,-0.00125987,-0.001183834,-0.001335907,-0.001161922,-0.001131801,-0.001192042,-0.000983259,-0.000877338,-0.00108918,-0.001155505,-0.001168562,-0.001142448,-0.001167665,-0.001034144,-0.001301186
1196.976,-0.001387495,-0.001445252,-0.001329738,-0.001189491,-0.001130236,-0.001248746,-0.001163232,-0.001151668,-0.001174796,-0.001054614,-0.000874521,-0.001234707,-0.001151819,-0.001163962,-0.001139675,-0.001093509,-0.0009656,-0.001221419
1198.682,-0.001354805,-0.001438213,-0.001271396,-0.001113814,-0.001146731,-0.001080898,-0.001134248,-0.001074107,-0.001194388,-0.001096074,-0.000931255,-0.001260894,-0.001122825,-0.001129869,-0.001115781,-0.001181875,-0.001000153,-0.001363597
1200.387,-0.001326124,-0.001422437,-0.001229811,-0.001062594,-0.001130484,-0.000994705,-0.001106109,-0.001056978,-0.001155239,-0.00111907,-0.000937734,-0.001300406,-0.001135078,-0.001148655,-0.001121501,-0.001169132,-0.000982175,-0.001356088
1202.091,-0.001266791,-0.001341523,-0.00119206,-0.001053836,-0.001138542,-0.000969129,-0.001065718,-0.001091899,-0.001039536,-0.001090256,-0.000971191,-0.001209321,-0.001167022,-0.001153033,-0.001181011,-0.001110061,-0.000943853,-0.001276268
1203.794,-0.001329373,-0.001365494,-0.001293252,-0.001064042,-0.001161433,-0.000966652,-0.001014739,-0.001063789,-0.00096569,-0.001143745,-0.001016056,-0.001271434,-0.001088642,-0.001133521,-0.001043764,-0.00110528,-0.000980862,-0.001229698
1205.497,-0.001276737,-0.001320796,-0.001232679,-0.00110729,-0.001166048,-0.001048532,-0.00095996,-0.001031591,-0.000888329,-0.001065521,-0.000987317,-0.001143725,-0.001116443,-0.00123005,-0.001002837,-0.001076461,-0.00103976,-0.001113163
1207.199,-0.001256694,-0.001346013,-0.001167376,-0.001085929,-0.001060605,-0.001111254,-0.000887455,-0.000946399,-0.00082851,-0.001003621,-0.000958816,-0.001048427,-0.001065742,-0.001158871,-0.000972613,-0.001047547,-0.001028429,-0.001066664
1208.9,-0.001306482,-0.001319164,-0.001293799,-0.001117334,-0.001034788,-0.001199881,-0.00085848,-0.000935321,-0.00078164,-0.000891727,-0.000867941,-0.000915513,-0.0009783,-0.00102624,-0.000930359,-0.001059681,-0.001043461,-0.001075902
1210.6,-0.001315217,-0.001365631,-0.001264803,-0.001075457,-0.000983268,-0.001167647,-0.000815954,-0.0008545,-0.000777408,-0.000893423,-0.000862896,-0.000923949,-0.000872229,-0.000878088,-0.00086637,-0.000950652,-0.000936328,-0.000964977
1212.3,-0.001269779,-0.001351311,-0.001188247,-0.001026587,-0.000978981,-0.001074192,-0.000805582,-0.000831047,-0.000780116,-0.000825571,-0.000771003,-0.000880138,-0.000807032,-0.000728132,-0.000885932,-0.000907661,-0.000891322,-0.000924
1213.999,-0.001173815,-0.00128644,-0.00106119,-0.000917083,-0.000867779,-0.000966388,-0.000724616,-0.00073192,-0.000717311,-0.000743095,-0.000665085,-0.000821106,-0.000832397,-0.000703334,-0.00096146,-0.000813096,-0.000789957,-0.000836235
1215.697,-0.001120695,-0.001190441,-0.00105095,-0.000882127,-0.000854093,-0.000910161,-0.000674922,-0.000679421,-0.000670423,-0.000705561,-0.00071884,-0.000692282,-0.000826106,-0.000683921,-0.00096829,-0.00062895,-0.000575041,-0.000682859
1217.395,-0.00106957,-0.001079221,-0.001059919,-0.000846036,-0.000855699,-0.000836372,-0.000613794,-0.000618901,-0.000608686,-0.00070514,-0.000722541,-0.000687739,-0.000821716,-0.00074134,-0.000902093,-0.000629684,-0.000591669,-0.0006677
1219.092,-0.001012515,-0.001004049,-0.001020982,-0.000831555,-0.000864106,-0.000799004,-0.000570981,-0.000624863,-0.0005171,-0.000704527,-0.000778176,-0.000630877,-0.000864672,-0.000879563,-0.00084978,-0.000569276,-0.00059801,-0.000540542
1220.788,-0.000937428,-0.000912501,-0.000962355,-0.000725854,-0.000611355,-0.000840353,-0.000516212,-0.00054504,-0.000487384,-0.000685792,-0.000752212,-0.000619372,-0.000781547,-0.000839161,-0.000723932,-0.000567901,-0.000590943,-0.000544858
1222.483,-0.000910345,-0.000813697,-0.001006993,-0.000738368,-0.000705285,-0.000771451,-0.000527081,-0.0005339,-0.000520261,-0.000652198,-0.000746072,-0.000558325,-0.000772769,-0.000806016,-0.000739522,-0.000542183,-0.000527762,-0.000556605
1224.178,-0.000857148,-0.00072813,-0.000986166,-0.000699195,-0.00060674,-0.000791649,-0.000438817,-0.000442966,-0.000434668,-0.000619642,-0.000681652,-0.000557631,-0.000717298,-0.00082307,-0.000611526,-0.000467675,-0.000412549,-0.0005228
1225.872,-0.000801537,-0.000718368,-0.000884705,-0.000641982,-0.000607692,-0.000676273,-0.000372391,-0.000409161,-0.000335621,-0.000584278,-0.000509478,-0.000659078,-0.000730672,-0.000825465,-0.000635878,-0.000423327,-0.000356365,-0.000490289
1227.565,-0.000757284,-0.000707016,-0.000807553,-0.000492375,-0.000477353,-0.000507397,-0.000341755,-0.000353755,-0.000329754,-0.000469967,-0.000348534,-0.0005914,-0.000616293,-0.00071294,-0.000519645,-0.000340165,-0.000243883,-0.000436447
1229.258,-0.000690787,-0.000595387,-0.000786187,-0.000450217,-0.000444965,-0.000455469,-0.000271279,-0.000300425,-0.000242134,-0.000426535,-0.000284077,-0.000568993,-0.000511569,-0.000600663,-0.000422475,-0.000235855,-0.000173814,-0.000297896
1230.95,-0.000649777,-0.000550919,-0.000748634,-0.000303066,-0.000360146,-0.000245987,-0.000210665,-0.000251942,-0.000169389,-0.000309142,-0.000231243,-0.000387041,-0.000377117,-0.000425923,-0.000328312,-0.00019688,-0.000210045,-0.000183715
1232.641,-0.000540158,-0.000503082,-0.000577233,-0.000207732,-0.000236661,-0.000178803,-0.00010172,-0.000142596,-6.08443E-05,-0.000174945,-0.00010488,-0.000245011,-0.000194112,-0.000207369,-0.000180855,-0.000125243,-0.000223512,-2.69745E-05
1234.331,-0.0003422,-0.000312566,-0.000371835,-8.15472E-05,-5.65901E-05,-0.000106504,4.55197E-07,-6.67635E-06,7.58674E-06,-4.36112E-05,3.68245E-06,-9.09049E-05,4.77093E-05,7.44477E-05,2.09708E-05,-6.05685E-05,-0.0001337,1.25631E-05
1236.021,-0.000249286,-0.000181063,-0.000317509,4.27626E-05,-1.80188E-05,0.000103544,0.000106153,0.000117679,9.46269E-05,4.78327E-05,2.02526E-05,7.54128E-05,0.000184932,0.000282275,8.75898E-05,5.38793E-05,-8.72937E-06,0.000116488
1237.71,-5.97835E-05,5.71845E-05,-0.000176752,0.000222052,0.000185342,0.000258762,0.000274916,0.000258363,0.000291468,0.000256405,0.000259905,0.000252904,0.000353592,0.00043514,0.000272043,0.000232501,0.000236342,0.000228659
1239.398,3.25405E-05,9.25132E-05,-2.74322E-05,0.000430772,0.000355037,0.000506506,0.000476913,0.000453271,0.000500555,0.000431989,0.000513254,0.000350723,0.000385366,0.000457105,0.000313626,0.00038633,0.00043983,0.000332831
1241.085,0.000163732,0.00025341,7.40538E-05,0.00062903,0.000566328,0.000691731,0.000679105,0.000645962,0.000712247,0.000672008,0.000791518,0.000552497,0.000507053,0.000548961,0.000465144,0.000624452,0.000678248,0.000570656
1242.772,0.00030503,0.000416146,0.000193915,0.000802233,0.000708664,0.000895802,0.000904586,0.00083452,0.000974652,0.000855746,0.001012588,0.000698905,0.000642217,0.000614369,0.000670065,0.000896556,0.00090296,0.000890153
1244.458,0.000399021,0.000519952,0.000278091,0.001043715,0.001004893,0.001082536,0.001183152,0.001113849,0.001252455,0.00111478,0.001220247,0.001009314,0.000844948,0.000856354,0.000833542,0.00122129,0.001177642,0.001264938
1246.144,0.000674432,0.000738839,0.000610026,0.001277892,0.001291307,0.001264476,0.001540484,0.001470553,0.001610414,0.001373024,0.00147792,0.001268129,0.001144722,0.001155834,0.001133611,0.001517033,0.001472368,0.001561697
1247.828,0.000894451,0.001024467,0.000764434,0.001465933,0.001512491,0.001419375,0.001932688,0.001847571,0.002017805,0.001660627,0.001685905,0.001635349,0.001531314,0.001571922,0.001490707,0.001842124,0.001809174,0.001875074
1249.512,0.001095331,0.001250678,0.000939984,0.001801328,0.001820562,0.001782094,0.002316896,0.002290084,0.002343709,0.002013431,0.001967926,0.002058937,0.001891977,0.001968016,0.001815938,0.002221403,0.002205665,0.00223714
1251.195,0.001317866,0.00145491,0.001180821,0.00212187,0.002126038,0.002117702,0.002674938,0.002602802,0.002747075,0.002387145,0.002321061,0.002453228,0.002349464,0.002428677,0.002270252,0.002603081,0.002625815,0.002580347
1252.878,0.001514034,0.001582706,0.001445361,0.002470661,0.00252997,0.002411352,0.003061822,0.003053633,0.003070012,0.002750614,0.002651226,0.002850002,0.002762321,0.002790226,0.002734416,0.002940466,0.002970518,0.002910415
1254.56,0.001727432,0.0017789,0.001675963,0.002778801,0.00282863,0.002728971,0.003458749,0.0034891,0.003428398,0.003100476,0.00302915,0.003171801,0.003026782,0.00299807,0.003055494,0.003263965,0.003287688,0.003240241
1256.241,0.001910581,0.00194847,0.001872693,0.003096348,0.003118298,0.003074397,0.003675007,0.003732514,0.0036175,0.003416323,0.003410249,0.003422398,0.003321209,0.003207601,0.003434818,0.003589501,0.003598411,0.003580591
1257.921,0.002136263,0.002146703,0.002125824,0.00329855,0.003391375,0.003205724,0.003923649,0.003913504,0.003933793,0.003697247,0.003701106,0.003693388,0.003576927,0.003431704,0.003722151,0.003842239,0.003823275,0.003861202
1259.601,0.002306404,0.002278989,0.002333819,0.00349775,0.003582459,0.00341304,0.004060882,0.004043258,0.004078506,0.003872289,0.003885755,0.003858823,0.00370637,0.003601985,0.003810755,0.003962147,0.003947133,0.003977161
1261.28,0.002511241,0.002508449,0.002514033,0.003638216,0.003739575,0.003536857,0.004218488,0.004147727,0.004289249,0.004038051,0.003993826,0.004082276,0.003873807,0.003840072,0.003907541,0.00415462,0.004183834,0.004125406
1262.958,0.002615667,0.00265831,0.002573023,0.003745488,0.003679761,0.003811214,0.004235533,0.004249971,0.004221095,0.00408989,0.0040049,0.004174881,0.003916478,0.003910144,0.003922812,0.004286309,0.004371497,0.004201121
1264.635,0.002562349,0.002586561,0.002538137,0.003743172,0.003623925,0.003862419,0.004238992,0.004179491,0.004298494,0.003996821,0.003903339,0.004090302,0.003911944,0.003978191,0.003845697,0.004279807,0.004366842,0.004192772
1266.312,0.002566372,0.002563045,0.002569699,0.003772232,0.00364769,0.003896775,0.004261303,0.004296164,0.004226441,0.003892512,0.003838328,0.003946697,0.003900684,0.004011509,0.003789859,0.004244857,0.004351163,0.004138551
1267.988,0.002483265,0.002515017,0.002451512,0.003759077,0.00361675,0.003901405,0.004180445,0.004230427,0.004130463,0.003766121,0.003753634,0.003778607,0.003714782,0.003875537,0.003554027,0.004146875,0.004260666,0.004033084
1269.664,0.00241157,0.002471729,0.002351411,0.003620158,0.003409494,0.003830821,0.004027239,0.004066575,0.003987902,0.003612284,0.00367507,0.003549499,0.003644935,0.0037842,0.003505669,0.003945924,0.003994454,0.003897393
1271.338,0.00240048,0.002409496,0.002391465,0.003414407,0.003240293,0.003588522,0.00382735,0.003763309,0.003891392,0.003455076,0.003538313,0.003371839,0.003513708,0.003523811,0.003503605,0.003729373,0.003741289,0.003717458
1273.012,0.00226558,0.002252791,0.002278369,0.003174002,0.003081154,0.003266849,0.00359098,0.003549731,0.003632229,0.003300506,0.003414262,0.003186749,0.003283964,0.003292205,0.003275723,0.003387144,0.003394755,0.003379533
1274.685,0.002283571,0.002226674,0.002340468,0.002978549,0.002919174,0.003037925,0.00338183,0.003341709,0.003421951,0.003066697,0.003125327,0.003008066,0.00312172,0.003098743,0.003144697,0.003141526,0.00321738,0.003065672
1276.358,0.002227842,0.002208289,0.002247394,0.002700868,0.002651472,0.002750264,0.003083289,0.003038639,0.00312794,0.002828222,0.00283765,0.002818794,0.002909113,0.002820859,0.002997366,0.002854089,0.002933855,0.002774322
1278.03,0.002211481,0.002136335,0.002286626,0.002486757,0.002510062,0.002463452,0.002843167,0.002741808,0.002944525,0.00254029,0.002544741,0.002535839,0.002699098,0.002666847,0.00273135,0.002662127,0.002784501,0.002539753
1279.701,0.002172747,0.002042367,0.002303127,0.002360847,0.00241369,0.002308004,0.002684525,0.002656926,0.002712124,0.002400409,0.002398644,0.002402174,0.002516219,0.002526366,0.002506073,0.002497053,0.002606896,0.002387211
1281.371,0.00213782,0.002096392,0.002179247,0.002258508,0.002292162,0.002224853,0.002447543,0.002459612,0.002435474,0.002298692,0.002286386,0.002310998,0.002347395,0.002449378,0.002245411,0.002385677,0.002467898,0.002303457
1283.041,0.00217438,0.002153311,0.00219545,0.002202079,0.002162164,0.002241994,0.002325148,0.002347451,0.002302845,0.002198039,0.00221149,0.002184588,0.002340643,0.002450315,0.002230972,0.002313505,0.002354452,0.002272558
1284.71,0.002281286,0.002305484,0.002257088,0.002272858,0.002243342,0.002302373,0.002257606,0.002221951,0.00229326,0.002280399,0.002346052,0.002214746,0.002372717,0.002457593,0.002287841,0.002343724,0.002343632,0.002343817
1286.378,0.002382488,0.002417276,0.0023477,0.002415485,0.002392645,0.002438326,0.002356072,0.002437755,0.002274389,0.002464924,0.002563087,0.00236676,0.00240346,0.002514201,0.002292719,0.002407029,0.002398711,0.002415348
1288.046,0.002588462,0.002599768,0.002577157,0.002697019,0.002665907,0.00272813,0.002512076,0.002586467,0.002437686,0.002652886,0.002773737,0.002532035,0.002586591,0.002728709,0.002444472,0.002532828,0.002582814,0.002482842
1289.713,0.002961619,0.002986886,0.002936352,0.002974612,0.002982044,0.00296718,0.002785933,0.002814443,0.002757423,0.002970598,0.003051169,0.002890027,0.002881529,0.002954367,0.002808691,0.002829335,0.002904383,0.002754287
1291.379,0.003508182,0.003409938,0.003606427,0.003421506,0.003470459,0.003372553,0.003169656,0.003213422,0.003125891,0.003312382,0.003396539,0.003228226,0.003278071,0.003301857,0.003254285,0.003200511,0.003258205,0.003142817
1293.044,0.004006344,0.003859422,0.004153265,0.003878692,0.003984217,0.003773166,0.003624646,0.003703842,0.00354545,0.00376775,0.003831433,0.003704068,0.003705232,0.003705615,0.003704849,0.003572589,0.003566536,0.003578642
1294.709,0.004538776,0.004446154,0.004631397,0.00434632,0.004447919,0.00424472,0.004056065,0.004150925,0.003961205,0.004152103,0.004163683,0.004140523,0.00416398,0.004201804,0.004126157,0.004002038,0.004058923,0.003945153
1296.373,0.005054467,0.005034592,0.005074342,0.004738897,0.004878819,0.004598975,0.004477988,0.004540898,0.004415078,0.004517039,0.004518598,0.004515481,0.004608593,0.004651033,0.004566153,0.004394584,0.00446648,0.004322689
1298.036,0.005462148,0.005443498,0.005480798,0.005037954,0.005196744,0.004879164,0.004807769,0.004808768,0.004806771,0.004834778,0.004914419,0.004755137,0.004921737,0.004966268,0.004877206,0.004690048,0.004727531,0.004652564
1299.699,0.0057029,0.005700088,0.005705713,0.005183056,0.005303632,0.00506248,0.004966387,0.004953301,0.004979473,0.00498318,0.005021386,0.004944975,0.005058838,0.005162178,0.004955497,0.004894276,0.004917827,0.004870724
1301.361,0.005725524,0.005774599,0.005676448,0.005169107,0.005199247,0.005138968,0.004885453,0.004764294,0.005006612,0.004955744,0.005032469,0.004879018,0.005006448,0.005099021,0.004913875,0.004846594,0.004900043,0.004793145
1303.022,0.005482397,0.00552163,0.005443163,0.004941824,0.004876113,0.005007536,0.004667046,0.004553434,0.004780658,0.004788165,0.004782715,0.004793615,0.004748697,0.004750169,0.004747225,0.004732882,0.004805228,0.004660537
1304.683,0.005133766,0.005139932,0.005127601,0.00463603,0.004590685,0.004681376,0.004323255,0.004251985,0.004394525,0.004479359,0.004466989,0.004491728,0.004338618,0.004303395,0.004373841,0.004347634,0.004401594,0.004293674
1306.343,0.00473731,0.004752491,0.004722129,0.00424451,0.004186501,0.004302519,0.003864826,0.003832425,0.003897227,0.004078529,0.004066037,0.004091021,0.003931942,0.003860228,0.004003655,0.003931207,0.00397001,0.003892404
1308.002,0.004149599,0.004249157,0.004050041,0.003798406,0.003791362,0.00380545,0.003411587,0.003393427,0.003429746,0.003665036,0.003649795,0.003680277,0.003516124,0.003526716,0.003505532,0.003461187,0.003570138,0.003352237
1309.66,0.003707361,0.003875183,0.003539538,0.003379015,0.003360644,0.003397387,0.003011241,0.003019884,0.003002599,0.003259357,0.003253482,0.003265232,0.0031577,0.003187736,0.003127665,0.003018211,0.003133107,0.002903314
1311.318,0.003230503,0.003294381,0.003166624,0.002964978,0.0029528,0.002977156,0.002626528,0.002655732,0.002597324,0.002814895,0.002858096,0.002771694,0.002778579,0.002836258,0.0027209,0.002614233,0.002714657,0.002513808
1312.975,0.00285495,0.002920902,0.002788997,0.002642672,0.002592404,0.00269294,0.002312211,0.002303129,0.002321294,0.002442634,0.002447352,0.002437916,0.002494083,0.002599383,0.002388783,0.002266719,0.002393419,0.002140019
1314.631,0.002491783,0.002537696,0.00244587,0.002299685,0.002245605,0.002353766,0.002007516,0.001959212,0.00205582,0.002097599,0.002110662,0.002084536,0.002173408,0.00224079,0.002106025,0.002008757,0.002134927,0.001882588
1316.287,0.002117955,0.002123849,0.002112061,0.001968714,0.001960131,0.001977296,0.001762328,0.001643479,0.001881178,0.001823669,0.00176154,0.001885798,0.001934718,0.001936197,0.00193324,0.001802913,0.00189825,0.001707575
1317.942,0.001828199,0.001818943,0.001837454,0.001719491,0.001799884,0.001639098,0.001609021,0.001520154,0.001697889,0.001575064,0.001502974,0.001647155,0.001633254,0.001626206,0.001640302,0.001576557,0.001644348,0.001508766
1319.596,0.001602868,0.001617997,0.001587739,0.001466563,0.001578598,0.001354528,0.001393609,0.001339376,0.001447841,0.001412787,0.001398806,0.001426768,0.001441492,0.00135563,0.001527355,0.001463694,0.001510612,0.001416777
1321.249,0.001294673,0.001345073,0.001244273,0.001224284,0.001409925,0.001038642,0.001177185,0.001112758,0.001241611,0.001287881,0.001326088,0.001249674,0.001252018,0.001192467,0.00131157,0.001264424,0.001311399,0.00121745
1322.902,0.00110299,0.001130205,0.001075775,0.001050686,0.001150225,0.000951148,0.000984421,0.00095079,0.001018052,0.001066751,0.001127918,0.001005585,0.001047276,0.000959191,0.00113536,0.001035376,0.001036316,0.001034437
1324.554,0.000873361,0.000855424,0.000891299,0.000858439,0.000881738,0.000835139,0.000754897,0.000753526,0.000756268,0.000844374,0.00093055,0.000758199,0.000838273,0.000777706,0.00089884,0.000737918,0.000707615,0.00076822
1326.206,0.000689398,0.000637837,0.000740959,0.00067101,0.000608202,0.000733819,0.000548898,0.000547991,0.000549804,0.000641666,0.000706596,0.000576736,0.000603066,0.000535445,0.000670688,0.000456972,0.000562018,0.000351926
1327.856,0.000551125,0.000580789,0.00052146,0.000386758,0.000370999,0.000402517,0.000291202,0.000283353,0.000299051,0.000353402,0.000430123,0.00027668,0.000351995,0.000295316,0.000408673,0.000240511,0.000397026,8.3996E-05
1329.506,0.000471804,0.000561174,0.000382433,0.000204659,0.0001776,0.000231719,0.000139026,7.65727E-05,0.000201478,0.000105157,0.00015828,5.20349E-05,0.000273932,0.00022391,0.000323954,2.05414E-05,0.00011059,-6.95077E-05
1331.156,0.000258581,0.000360178,0.000156984,9.27345E-05,0.000112492,7.29771E-05,2.42596E-05,1.77137E-05,3.08056E-05,-1.67857E-05,-1.8454E-05,-1.51174E-05,5.10541E-05,7.88535E-05,2.32546E-05,-0.000143066,-8.98116E-05,-0.000196321
1332.804,6.55998E-05,0.000216979,-8.57799E-05,-6.60124E-05,-4.95814E-05,-8.24435E-05,-4.617E-05,-2.92781E-06,-8.94122E-05,-0.000117341,-6.95093E-05,-0.000165174,-9.88286E-05,-5.58117E-05,-0.000141846,-0.000160736,-7.32864E-05,-0.000248186
1334.452,-8.88963E-05,5.94533E-06,-0.000183738,-0.000124273,-4.40441E-05,-0.000204502,-0.000122338,-9.13494E-05,-0.000153326,-0.000200103,-0.00010719,-0.000293016,-0.000209087,-0.000154474,-0.000263701,-0.000176667,-0.00011271,-0.000240624
1336.1,-0.000211461,-0.000162736,-0.000260187,-0.000226327,-0.000125658,-0.000326996,-0.000216785,-0.00015194,-0.00028163,-0.000296947,-9.96623E-05,-0.000494232,-0.000290931,-0.000293794,-0.000288069,-0.000232465,-0.000275312,-0.000189618
1337.746,-0.000283273,-0.000267944,-0.000298603,-0.00025448,-0.000179144,-0.000329815,-0.000238892,-0.000137578,-0.000340205,-0.000304485,-0.000170417,-0.000438552,-0.000324009,-0.000303593,-0.000344426,-0.000247539,-0.000341014,-0.000154065
1339.392,-0.000456233,-0.00050095,-0.000411516,-0.000277916,-0.000180321,-0.000375512,-0.000318155,-0.000261986,-0.000374323,-0.000294571,-0.000170911,-0.000418231,-0.00038334,-0.000436258,-0.000330422,-0.000290008,-0.000269528,-0.000310488
1341.037,-0.00041413,-0.000411819,-0.000416442,-0.000338377,-0.000203905,-0.000472848,-0.000430023,-0.00044087,-0.000419176,-0.000308462,-0.000160478,-0.000456447,-0.000376459,-0.000434596,-0.000318322,-0.000329933,-0.000335336,-0.00032453
1342.681,-0.000389996,-0.000374694,-0.000405298,-0.000337401,-0.000257542,-0.00041726,-0.000456096,-0.000547235,-0.000364957,-0.00025229,-0.000155617,-0.000348963,-0.000344089,-0.00041372,-0.000274457,-0.000360656,-0.0004546,-0.000266711
1344.325,-0.000429741,-0.000447869,-0.000411612,-0.000379158,-0.000342771,-0.000415546,-0.000482544,-0.000545124,-0.000419964,-0.00022433,-0.000197264,-0.000251396,-0.000432748,-0.000487943,-0.000377553,-0.00050059,-0.000564743,-0.000436436
1345.968,-0.000430463,-0.000377465,-0.000483461,-0.000346039,-0.000367,-0.000325078,-0.000488446,-0.000578799,-0.000398093,-0.000259183,-0.000275573,-0.000242793,-0.000455219,-0.00051853,-0.000391907,-0.000499453,-0.000529519,-0.000469387
1347.611,-0.000362974,-0.000365076,-0.000360873,-0.000334353,-0.000326925,-0.000341781,-0.00053965,-0.000661618,-0.000417683,-0.000296055,-0.000283227,-0.000308884,-0.000503792,-0.000552178,-0.000455406,-0.000564858,-0.000519971,-0.000609745
1349.252,-0.000334865,-0.000307205,-0.000362525,-0.000389503,-0.00039719,-0.000381817,-0.000569578,-0.000592989,-0.000546166,-0.000393925,-0.000339963,-0.000447887,-0.000561964,-0.000652089,-0.000471839,-0.000604081,-0.00056101,-0.000647152
1350.893,-0.000408235,-0.000368465,-0.000448006,-0.000402088,-0.000396229,-0.000407947,-0.00053236,-0.000451048,-0.000613672,-0.000492707,-0.000473147,-0.000512266,-0.00062072,-0.000623576,-0.000617865,-0.000564777,-0.000515757,-0.000613797
1352.533,-0.000502823,-0.000406968,-0.000598678,-0.000459582,-0.00042909,-0.000490074,-0.00056533,-0.000508449,-0.000622211,-0.00061487,-0.000579111,-0.000650629,-0.00061137,-0.000612361,-0.000610379,-0.000642796,-0.000560239,-0.000725352
1354.173,-0.000545056,-0.000394939,-0.000695174,-0.000514619,-0.000437449,-0.00059179,-0.000599515,-0.000603149,-0.000595882,-0.000641436,-0.000555514,-0.000727358,-0.000572901,-0.000492459,-0.000653343,-0.000618648,-0.000595139,-0.000642156
1355.812,-0.000591971,-0.000427568,-0.000756374,-0.000596334,-0.000538161,-0.000654508,-0.000532736,-0.000562945,-0.000502527,-0.000598774,-0.000476233,-0.000721314,-0.000598159,-0.000594606,-0.000601713,-0.000592395,-0.000652213,-0.000532578
1357.45,-0.000601584,-0.000439891,-0.000763277,-0.00062915,-0.000597709,-0.00066059,-0.000482235,-0.000470593,-0.000493877,-0.000562515,-0.000465641,-0.000659388,-0.000572156,-0.000559718,-0.000584594,-0.000611145,-0.000687085,-0.000535206
1359.088,-0.000575667,-0.000359532,-0.000791802,-0.000576007,-0.000507394,-0.000644619,-0.000481735,-0.000538014,-0.000425457,-0.000468113,-0.00037925,-0.000556976,-0.000509412,-0.000484046,-0.000534777,-0.000584722,-0.000728947,-0.000440497
1360.724,-0.000468849,-0.000302468,-0.000635229,-0.000566342,-0.000538692,-0.000593992,-0.000498174,-0.000568776,-0.000427573,-0.000448761,-0.000364899,-0.000532624,-0.000508801,-0.000475124,-0.000542477,-0.000537932,-0.000624219,-0.000451645
1362.36,-0.000507254,-0.00033739,-0.000677118,-0.0005809,-0.000510845,-0.000650954,-0.000411462,-0.000476752,-0.000346172,-0.000456332,-0.000402979,-0.000509686,-0.000470076,-0.000491276,-0.000448876,-0.000493259,-0.000615987,-0.00037053
1363.996,-0.000460292,-0.000377378,-0.000543206,-0.000547521,-0.00051462,-0.000580421,-0.000450916,-0.000482658,-0.000419173,-0.0004612,-0.000394973,-0.000527426,-0.000528905,-0.000564058,-0.000493752,-0.000472836,-0.000525566,-0.000420107
1365.631,-0.00047046,-0.000390802,-0.000550119,-0.000549405,-0.000559094,-0.000539715,-0.000472579,-0.000570334,-0.000374823,-0.000587399,-0.000551624,-0.000623175,-0.00051887,-0.000612669,-0.000425072,-0.000448677,-0.000440877,-0.000456478
1367.265,-0.000522183,-0.000387836,-0.000656529,-0.000612207,-0.000569835,-0.000654579,-0.000543658,-0.000665956,-0.000421361,-0.000659591,-0.000536339,-0.000782843,-0.000513544,-0.000661351,-0.000365737,-0.000438676,-0.000355678,-0.000521675
1368.898,-0.000532765,-0.00045608,-0.00060945,-0.000661712,-0.000660988,-0.000662435,-0.000489479,-0.000581916,-0.000397042,-0.000658697,-0.000519999,-0.000797396,-0.000594334,-0.000833491,-0.000355177,-0.000470455,-0.000328298,-0.000612613
1370.531,-0.000600888,-0.000543734,-0.000658042,-0.000642773,-0.000619414,-0.000666132,-0.000578871,-0.00063947,-0.000518272,-0.000626983,-0.00053109,-0.000722876,-0.000655858,-0.000770236,-0.000541479,-0.000573737,-0.000411188,-0.000736286
1372.163,-0.000596038,-0.00053046,-0.000661617,-0.000702631,-0.000707187,-0.000698075,-0.000627408,-0.000589569,-0.000665248,-0.000637296,-0.000519724,-0.000754868,-0.000624433,-0.000706472,-0.000542394,-0.000636667,-0.000495797,-0.000777536
1373.794,-0.000615796,-0.000581862,-0.00064973,-0.000701066,-0.000726356,-0.000675776,-0.000717105,-0.000575501,-0.000858709,-0.000640325,-0.000603439,-0.000677211,-0.000679172,-0.000703326,-0.000655018,-0.000634797,-0.000525405,-0.00074419
1375.424,-0.000658003,-0.000682974,-0.000633031,-0.000794592,-0.000732049,-0.000857135,-0.000701823,-0.000550901,-0.000852745,-0.000640213,-0.000625124,-0.000655302,-0.000651997,-0.000673847,-0.000630147,-0.000791832,-0.000769203,-0.000814462
1377.054,-0.000661897,-0.000741948,-0.000581846,-0.000793977,-0.000846292,-0.000741661,-0.000788975,-0.000597667,-0.000980283,-0.000649278,-0.000636722,-0.000661834,-0.000720011,-0.00067484,-0.000765182,-0.000904434,-0.000922373,-0.000886495
1378.684,-0.000759451,-0.000841221,-0.000677682,-0.000784485,-0.000836038,-0.000732932,-0.000830143,-0.000677623,-0.000982664,-0.000736332,-0.000717763,-0.000754901,-0.00072485,-0.000685866,-0.000763834,-0.000889009,-0.00095641,-0.000821607
1380.312,-0.000779183,-0.000789927,-0.000768438,-0.000919932,-0.001022739,-0.000817126,-0.000879682,-0.000755683,-0.001003682,-0.000819042,-0.000760998,-0.000877085,-0.000705106,-0.000736123,-0.000674089,-0.000912493,-0.000968909,-0.000856077
1381.94,-0.000859568,-0.00077692,-0.000942216,-0.000983872,-0.001064606,-0.000903138,-0.000827732,-0.000750697,-0.000904767,-0.000788708,-0.000687001,-0.000890416,-0.000830992,-0.000829363,-0.000832622,-0.00091719,-0.000911831,-0.000922549
1383.567,-0.000883643,-0.000798335,-0.000968952,-0.000954699,-0.00100537,-0.000904029,-0.000895053,-0.000888029,-0.000902076,-0.000789629,-0.000685131,-0.000894127,-0.000909057,-0.000846156,-0.000971958,-0.00091533,-0.000951981,-0.000878679
1385.193,-0.000896567,-0.000721931,-0.001071202,-0.000903813,-0.0010046,-0.000803026,-0.000755209,-0.00071432,-0.000796099,-0.000765236,-0.000622221,-0.00090825,-0.000900533,-0.000894132,-0.000906935,-0.00078726,-0.000733241,-0.000841278
1386.819,-0.000885695,-0.000726342,-0.001045048,-0.000805954,-0.000890799,-0.000721109,-0.000751223,-0.000725168,-0.000777278,-0.000753432,-0.000673011,-0.000833853,-0.000951505,-0.000981902,-0.000921108,-0.000726949,-0.000645781,-0.000808117
1388.444,-0.00088115,-0.000762291,-0.001000008,-0.000756918,-0.000785679,-0.000728156,-0.000594418,-0.000635391,-0.000553444,-0.000770932,-0.000728752,-0.000813111,-0.000914758,-0.001015296,-0.00081422,-0.000741999,-0.000719095,-0.000764904
1390.069,-0.000917331,-0.000800367,-0.001034294,-0.000650898,-0.000651701,-0.000650094,-0.00050139,-0.00055074,-0.000452041,-0.000771166,-0.000745956,-0.000796376,-0.000898074,-0.000916796,-0.000879351,-0.000737824,-0.000718189,-0.000757459
1391.692,-0.000823085,-0.000717755,-0.000928415,-0.000612383,-0.000646859,-0.000577907,-0.000466495,-0.000515565,-0.000417426,-0.00072033,-0.000769086,-0.000671574,-0.000790997,-0.000817445,-0.000764549,-0.000627751,-0.000579873,-0.000675628
1393.315,-0.000740394,-0.00065827,-0.000822517,-0.000695497,-0.000791877,-0.000599116,-0.000430193,-0.000425192,-0.000435193,-0.00071136,-0.000832689,-0.00059003,-0.000696471,-0.000763202,-0.00062974,-0.000494339,-0.000481698,-0.00050698
1394.938,-0.000669595,-0.000626578,-0.000712613,-0.000722979,-0.000745802,-0.000700156,-0.000409735,-0.000348503,-0.000470966,-0.000632471,-0.000711554,-0.000553388,-0.000619543,-0.000595365,-0.000643721,-0.000455503,-0.000394469,-0.000516536
1396.559,-0.000534713,-0.000532502,-0.000536924,-0.000637906,-0.0006501,-0.000625712,-0.000386506,-0.000301361,-0.00047165,-0.000528379,-0.000559571,-0.000497186,-0.000534284,-0.000524021,-0.000544547,-0.000409526,-0.000420978,-0.000398074
1398.18,-0.000444454,-0.000424837,-0.000464071,-0.000521564,-0.000550459,-0.000492668,-0.00028574,-0.000203196,-0.000368284,-0.000435242,-0.000396153,-0.000474332,-0.00040293,-0.000365825,-0.000440035,-0.000380186,-0.000331594,-0.000428778
1399.801,-0.000314727,-0.000315436,-0.000314017,-0.000478273,-0.000542105,-0.00041444,-0.000328098,-0.000259203,-0.000396992,-0.000442782,-0.000397367,-0.000488197,-0.000362312,-0.000353809,-0.000370814,-0.000318578,-0.000280916,-0.000356239
1401.42,-0.000311672,-0.000346312,-0.000277033,-0.000422922,-0.000423711,-0.000422133,-0.000266359,-0.000259878,-0.00027284,-0.000398903,-0.000321346,-0.000476459,-0.000341614,-0.000338335,-0.000344892,-0.000347597,-0.000365176,-0.000330018
1403.039,-0.000324516,-0.000311036,-0.000337997,-0.000361215,-0.000368789,-0.000353641,-0.00028303,-0.00032054,-0.00024552,-0.000393077,-0.000257473,-0.000528682,-0.000331862,-0.000342855,-0.000320869,-0.000344509,-0.000277743,-0.000411275
1404.657,-0.000285903,-0.000266116,-0.00030569,-0.000340096,-0.000395039,-0.000285154,-0.000291803,-0.000371184,-0.000212421,-0.000345399,-0.000224625,-0.000466172,-0.000263916,-0.00031272,-0.000215113,-0.000251836,-0.000152508,-0.000351164
1406.275,-0.000254946,-0.000227105,-0.000282788,-0.000306531,-0.000392576,-0.000220486,-0.000294848,-0.000363637,-0.000226058,-0.000347797,-0.000273157,-0.000422438,-0.000221379,-0.000299723,-0.000143035,-0.000149382,-0.000139312,-0.000159451
1407.892,-0.000167722,-0.0001754,-0.000160043,-0.000170401,-0.000223456,-0.000117347,-0.000235778,-0.000235945,-0.000235612,-0.000244566,-0.00016673,-0.000322402,-0.00017261,-0.000258079,-8.71401E-05,-9.51937E-05,-7.68861E-05,-0.000113501
1409.508,-1.8702E-05,7.82617E-05,-0.000115666,8.86374E-06,5.38828E-06,1.23392E-05,-8.99429E-05,-6.5874E-05,-0.000114012,-4.092E-05,7.98299E-05,-0.00016167,-6.05145E-05,-0.000182366,6.1337E-05,-1.90777E-05,-5.98656E-05,2.17101E-05
1411.123,0.000140165,0.000263775,1.65548E-05,0.000189816,0.000187261,0.000192371,5.41013E-05,5.01575E-05,5.80451E-05,0.000161198,0.000279886,4.25111E-05,0.000136077,3.48499E-05,0.000237304,0.000142634,9.57581E-05,0.00018951
1412.738,0.000296502,0.000458669,0.000134336,0.000362928,0.000369278,0.000356579,0.000270464,0.000272719,0.000268208,0.000330169,0.000478709,0.000181629,0.000232945,0.000177737,0.000288153,0.000338193,0.000249078,0.000427309
1414.352,0.000447041,0.000589066,0.000305015,0.000460867,0.000494859,0.000426876,0.000436574,0.00040968,0.000463469,0.000536098,0.000665891,0.000406305,0.000342045,0.000330999,0.000353092,0.000444091,0.000392028,0.000496154
1415.966,0.00064527,0.000815916,0.000474624,0.000636658,0.000615764,0.000657551,0.000599394,0.000641163,0.000557625,0.000788444,0.000877754,0.000699134,0.000515469,0.000449608,0.000581331,0.000702543,0.000736113,0.000668972
1417.579,0.000815909,0.000883458,0.00074836,0.000877606,0.000846455,0.000908757,0.000776364,0.000796937,0.000755791,0.000895624,0.001006358,0.00078489,0.000681717,0.000649204,0.00071423,0.000905437,0.000991544,0.00081933
1419.191,0.00112952,0.001134874,0.001124167,0.001077624,0.000992266,0.001162983,0.00101547,0.000996206,0.001034734,0.001086663,0.001102878,0.001070448,0.000971918,0.000956721,0.000987115,0.00110871,0.001092938,0.001124482
1420.802,0.001404253,0.001364787,0.001443718,0.001334438,0.001358865,0.001310011,0.001266723,0.001275243,0.001258203,0.00134465,0.001288286,0.001401014,0.00123234,0.001197087,0.001267594,0.001328739,0.001401333,0.001256146
1422.413,0.001917128,0.001892395,0.001941861,0.001650371,0.00169521,0.001605531,0.001609873,0.001617274,0.001602472,0.001542061,0.00149597,0.001588152,0.001616006,0.001547849,0.001684162,0.001624959,0.001740919,0.001508998
1424.023,0.002429227,0.00245971,0.002398744,0.002119841,0.00223166,0.002008021,0.002042063,0.00202078,0.002063347,0.001947287,0.001903361,0.001991213,0.002163413,0.002129282,0.002197545,0.00207823,0.002185401,0.001971058
1425.632,0.003171528,0.003199272,0.003143784,0.002780727,0.00289447,0.002666984,0.002678739,0.002629531,0.002727947,0.002527877,0.002497054,0.002558699,0.002809536,0.002841143,0.002777929,0.002622165,0.002679709,0.002564622
1427.241,0.00407479,0.004120811,0.004028769,0.003518876,0.003632379,0.003405373,0.003437966,0.003417806,0.003458127,0.003276115,0.003201373,0.003350857,0.003562922,0.003635691,0.003490152,0.003342078,0.003465528,0.003218627
1428.849,0.005097081,0.005155813,0.00503835,0.004519788,0.004577142,0.004462434,0.004218732,0.004307759,0.004129704,0.004284174,0.004169821,0.004398526,0.00450392,0.004576854,0.004430987,0.004204656,0.004334349,0.004074962
1430.456,0.006271348,0.006237481,0.006305215,0.005764512,0.005763274,0.005765749,0.005146097,0.005220738,0.005071456,0.005289903,0.005238564,0.005341243,0.005575842,0.005722516,0.005429169,0.005222151,0.005305345,0.005138956
1432.063,0.007489595,0.007411443,0.007567747,0.006935902,0.006893508,0.006978296,0.006200554,0.006328652,0.006072456,0.00648551,0.006431925,0.006539095,0.006718718,0.006804197,0.006633239,0.006218886,0.006214503,0.006223269
1433.669,0.008512636,0.00849851,0.008526762,0.007980336,0.007953183,0.008007489,0.007097486,0.007245063,0.00694991,0.007459722,0.007376511,0.007542933,0.007660213,0.007727485,0.00759294,0.007144259,0.007124279,0.007164239
1435.274,0.00942948,0.009448964,0.009409996,0.008699481,0.008678364,0.008720598,0.007894724,0.007997572,0.007791876,0.008158981,0.008178288,0.008139675,0.008427404,0.008498843,0.008355965,0.007860302,0.007798542,0.007922061
1436.879,0.009944048,0.010010705,0.009877392,0.009163108,0.009132719,0.009193496,0.008390958,0.008447616,0.008334299,0.008700442,0.008775149,0.008625734,0.008949118,0.009083824,0.008814412,0.008365936,0.008270996,0.008460877
1438.483,0.010210214,0.010214753,0.010205674,0.009350838,0.009298995,0.009402681,0.008632545,0.00863462,0.008630471,0.008915339,0.009003691,0.008826987,0.009140387,0.00923296,0.009047813,0.008527141,0.008415785,0.008638497
1440.086,0.010004158,0.010036685,0.009971631,0.009137718,0.009143045,0.009132391,0.008627766,0.008598733,0.008656799,0.008784387,0.008852126,0.008716648,0.00900459,0.009112439,0.008896742,0.00845366,0.008435042,0.008472278
1441.689,0.009609616,0.009610341,0.00960889,0.008823569,0.00884667,0.008800469,0.008312116,0.008255889,0.008368342,0.008492651,0.00855922,0.008426083,0.008705293,0.00876835,0.008642237,0.008093659,0.00812956,0.008057758
1443.291,0.009169363,0.009115589,0.009223137,0.008481698,0.008514519,0.008448877,0.007840547,0.007724922,0.007956172,0.008084172,0.008160935,0.008007409,0.008330174,0.008396667,0.008263681,0.007762627,0.007806042,0.007719212
1444.892,0.00868546,0.008632642,0.008738277,0.008055224,0.008060708,0.00804974,0.007401441,0.007354245,0.007448636,0.007709542,0.007769937,0.007649146,0.007883032,0.007871113,0.007894951,0.007355462,0.007423818,0.007287105
1446.492,0.008290857,0.008262441,0.008319273,0.007715627,0.007710834,0.007720421,0.006954997,0.006967114,0.00694288,0.007243655,0.007259532,0.007227779,0.00738934,0.007374495,0.007404185,0.006921385,0.006968323,0.006874448
1448.092,0.00791235,0.00780788,0.008016819,0.007307027,0.007309915,0.00730414,0.00659357,0.00661266,0.006574479,0.006865729,0.006902017,0.006829441,0.006975031,0.006994959,0.006955103,0.006519355,0.006565441,0.00647327
1449.692,0.007597562,0.007472688,0.007722435,0.006939729,0.006922565,0.006956893,0.006192593,0.006225872,0.006159313,0.00651488,0.00658069,0.006449069,0.006618103,0.00661436,0.006621846,0.00624873,0.006252894,0.006244566
1451.29,0.007264884,0.007088025,0.007441743,0.006628361,0.00668868,0.006568042,0.005927027,0.006031652,0.005822401,0.006206258,0.006252473,0.006160042,0.006315612,0.00632809,0.006303134,0.005969569,0.005941632,0.005997505
1452.888,0.006936525,0.00680187,0.00707118,0.006228377,0.006330349,0.006126405,0.005698824,0.005772512,0.005625136,0.00594827,0.005966825,0.005929714,0.005997832,0.006045565,0.005950098,0.00576861,0.005805256,0.005731964
1454.485,0.006587025,0.006485748,0.006688303,0.005822464,0.00597287,0.005672058,0.005494103,0.005602682,0.005385523,0.005651936,0.00568682,0.005617053,0.005747384,0.005735617,0.005759151,0.005482782,0.00553442,0.005431144
1456.082,0.006165072,0.006151864,0.006178279,0.005396855,0.005505926,0.005287784,0.00515264,0.0052009,0.00510438,0.005313855,0.005368121,0.00525959,0.005418385,0.005412028,0.005424741,0.005127413,0.005122038,0.005132788
1457.678,0.005726594,0.005734509,0.005718679,0.004900896,0.00497904,0.004822751,0.004809256,0.004914611,0.004703901,0.004951545,0.00502547,0.004877619,0.005057656,0.005050001,0.005065311,0.004670524,0.004615949,0.004725098
1459.273,0.005236034,0.005284339,0.005187729,0.004504709,0.004492893,0.004516524,0.004379382,0.004494784,0.004263981,0.004490802,0.004605366,0.004376238,0.004605099,0.004601888,0.004608311,0.004139209,0.004127001,0.004151417
1460.867,0.004704564,0.004753912,0.004655216,0.004077474,0.003985964,0.004168984,0.00388295,0.003967003,0.003798896,0.003982008,0.004111808,0.003852209,0.004138134,0.004160479,0.004115789,0.003650688,0.003572383,0.003728993
1462.461,0.004171512,0.004250172,0.004092853,0.003576105,0.003585466,0.003566744,0.003307377,0.003342214,0.00327254,0.003523014,0.003646342,0.003399685,0.003705939,0.003689221,0.003722656,0.003218854,0.003180105,0.003257604
1464.054,0.003636954,0.003625417,0.00364849,0.003177925,0.003164032,0.003191818,0.002852009,0.002906052,0.002797966,0.003032656,0.003101948,0.002963363,0.003258152,0.003332076,0.003184229,0.002795097,0.002801803,0.002788391
1465.647,0.00314314,0.003118279,0.003168001,0.00273774,0.002695065,0.002780415,0.002334806,0.002292379,0.002377234,0.002620018,0.00262903,0.002611006,0.002809425,0.00288497,0.00273388,0.002407693,0.002525752,0.002289634
1467.239,0.002680936,0.00267451,0.002687362,0.002281998,0.002251584,0.002312412,0.001921725,0.00188055,0.0019629,0.002189366,0.002161081,0.00221765,0.00237666,0.002448277,0.002305042,0.002059342,0.002154497,0.001964187
1468.83,0.002274244,0.002264771,0.002283716,0.001835752,0.001803081,0.001868423,0.001584345,0.001522747,0.001645942,0.00181219,0.001786278,0.001838102,0.001957269,0.002013713,0.001900824,0.001713683,0.001748337,0.00167903
1470.42,0.001805401,0.001753584,0.001857217,0.001412169,0.001399847,0.001424491,0.001202709,0.001190438,0.001214981,0.001403954,0.001400196,0.001407712,0.001494944,0.00151308,0.001476808,0.001265925,0.001241914,0.001289936
1472.01,0.001391856,0.00142583,0.001357881,0.001049626,0.001040698,0.001058554,0.000927113,0.000933649,0.000920576,0.001086712,0.001059529,0.001113895,0.001120092,0.001162754,0.00107743,0.000896682,0.000837419,0.000955944
1473.599,0.001042003,0.001096414,0.000987592,0.000735074,0.000700461,0.000769687,0.000682853,0.000723498,0.000642208,0.000769552,0.000739999,0.000799105,0.000754917,0.000796201,0.000713634,0.000643557,0.000481455,0.000805659
1475.188,0.000755156,0.000831964,0.000678347,0.000405649,0.0004149,0.000396397,0.000456901,0.000478906,0.000434896,0.00054921,0.000548532,0.000549889,0.000539973,0.000484372,0.000595575,0.000400545,0.000355725,0.000445364
1476.775,0.000534147,0.000590414,0.00047788,0.000295133,0.000284916,0.00030535,0.000269768,0.000332089,0.000207447,0.000283005,0.000310288,0.000255723,0.000280912,0.000205737,0.000356087,0.000167592,0.000152205,0.000182979
1478.363,0.000291735,0.000398198,0.000185273,8.40818E-05,4.40624E-05,0.000124101,3.86622E-05,6.46242E-05,1.27002E-05,4.62179E-05,0.000149692,-5.72562E-05,0.00014587,6.57877E-05,0.000225952,-3.41827E-05,4.75371E-05,-0.000115902
1479.949,0.000152542,0.000224187,8.08966E-05,-6.16375E-05,-0.000144852,2.15767E-05,-0.000126041,-0.000119513,-0.000132569,-0.000133375,1.87462E-05,-0.000285497,-2.30862E-05,-7.65973E-05,3.04248E-05,-0.000137216,-4.40925E-05,-0.00023034
1481.535,2.50647E-05,3.26897E-05,1.74397E-05,-0.000249493,-0.000289435,-0.000209551,-0.000237813,-0.00018901,-0.000286617,-0.000272848,-9.52082E-05,-0.000450488,-0.000139596,-0.000246826,-3.23668E-05,-0.00027598,-0.000248634,-0.000303327
1483.12,-0.000146286,-0.000207005,-8.5568E-05,-0.000317591,-0.000337114,-0.000298068,-0.000398112,-0.000374077,-0.000422147,-0.000436899,-0.000286966,-0.000586832,-0.000290559,-0.000412114,-0.000169004,-0.000455683,-0.000465087,-0.000446279
1484.704,-0.000204302,-0.000334234,-7.43707E-05,-0.00046515,-0.000456845,-0.000473455,-0.000478655,-0.000406352,-0.000550959,-0.000534027,-0.000463603,-0.000604451,-0.000404392,-0.000446253,-0.000362532,-0.000534955,-0.000526274,-0.000543636
1486.288,-0.00022997,-0.000396469,-6.34708E-05,-0.000588967,-0.000660566,-0.000517367,-0.000485243,-0.000410486,-0.00056,-0.000604099,-0.000544557,-0.000663641,-0.000533508,-0.000565097,-0.000501919,-0.000524401,-0.000557468,-0.000491334
1487.871,-0.000262702,-0.000362806,-0.000162598,-0.000721871,-0.00082283,-0.000620911,-0.000546264,-0.00048469,-0.000607839,-0.000678466,-0.000601927,-0.000755004,-0.000602703,-0.000723018,-0.000482388,-0.000528836,-0.000515278,-0.000542394
1489.454,-0.00029261,-0.000384959,-0.00020026,-0.000690755,-0.000708558,-0.000672952,-0.000587044,-0.000507316,-0.000666772,-0.00069952,-0.000636529,-0.000762511,-0.00075478,-0.00087802,-0.00063154,-0.000547097,-0.000526654,-0.00056754
1491.036,-0.000391464,-0.000415526,-0.000367403,-0.000781683,-0.000830667,-0.000732699,-0.000632336,-0.000589849,-0.000674823,-0.00070948,-0.000602288,-0.000816671,-0.000813614,-0.000881373,-0.000745855,-0.000617855,-0.000506587,-0.000729124
1492.617,-0.000552343,-0.000541319,-0.000563368,-0.000817148,-0.000777742,-0.000856554,-0.000699754,-0.000650443,-0.000749065,-0.000690537,-0.000591149,-0.000789924,-0.000897888,-0.00097343,-0.000822346,-0.000654594,-0.000583878,-0.00072531
1494.197,-0.000674752,-0.000628117,-0.000721387,-0.000900174,-0.000797203,-0.001003146,-0.000733741,-0.000731676,-0.000735806,-0.000710407,-0.000645633,-0.000775181,-0.000923673,-0.001032064,-0.000815281,-0.000761136,-0.000783893,-0.000738379
1495.777,-0.000758667,-0.000735679,-0.000781655,-0.000919791,-0.000763629,-0.001075954,-0.0007702,-0.000861729,-0.000678671,-0.000756124,-0.000696927,-0.000815321,-0.000935213,-0.001026619,-0.000843808,-0.000800145,-0.000865425,-0.000734865
1497.356,-0.00083537,-0.000848757,-0.000821983,-0.000968047,-0.000851872,-0.001084221,-0.000849152,-0.000913054,-0.000785249,-0.000836331,-0.000781118,-0.000891545,-0.000908665,-0.000937701,-0.000879629,-0.000845132,-0.000809549,-0.000880714
1498.935,-0.000852671,-0.000777953,-0.000927388,-0.001006996,-0.000997554,-0.001016438,-0.000898838,-0.000990331,-0.000807345,-0.000919143,-0.000884542,-0.000953743,-0.000868699,-0.000889574,-0.000847824,-0.000853488,-0.000920857,-0.000786119
1500.512,-0.000872239,-0.000757393,-0.000987086,-0.001062589,-0.001082831,-0.001042346,-0.000994129,-0.001055406,-0.000932851,-0.001047675,-0.000952183,-0.001143167,-0.000921522,-0.001026903,-0.000816141,-0.000866434,-0.000849642,-0.000883227
1502.09,-0.000824913,-0.000710863,-0.000938963,-0.001006856,-0.001045441,-0.000968271,-0.000969969,-0.000976599,-0.00096334,-0.001078695,-0.00095629,-0.001201101,-0.000981147,-0.001022323,-0.000939972,-0.000929805,-0.000878424,-0.000981185
1503.666,-0.000824836,-0.000669046,-0.000980627,-0.001009912,-0.001088227,-0.000931598,-0.001000684,-0.001006149,-0.000995219,-0.001030806,-0.000920505,-0.001141107,-0.001063726,-0.001080575,-0.001046878,-0.001059406,-0.000948209,-0.001170602
1505.242,-0.000856254,-0.000705506,-0.001007002,-0.000982381,-0.001035582,-0.00092918,-0.000974628,-0.000981409,-0.000967848,-0.001085941,-0.001051768,-0.001120113,-0.001086808,-0.001121974,-0.001051642,-0.001079299,-0.001028601,-0.001129997
1506.817,-0.000913684,-0.000795169,-0.001032199,-0.001034468,-0.001035933,-0.001033003,-0.000940761,-0.00101567,-0.000865852,-0.001083251,-0.001080383,-0.00108612,-0.001097148,-0.001146865,-0.001047431,-0.001154398,-0.001133378,-0.001175417
1508.391,-0.000894447,-0.000832313,-0.000956581,-0.001023197,-0.00096341,-0.001082983,-0.000915666,-0.000978011,-0.000853321,-0.001077591,-0.001046064,-0.001109117,-0.001208417,-0.001248093,-0.001168741,-0.001191532,-0.001215911,-0.001167153
1509.965,-0.000989003,-0.000992243,-0.000985762,-0.001052462,-0.000961599,-0.001143325,-0.000982565,-0.000966721,-0.000998409,-0.00109605,-0.001167861,-0.00102424,-0.001123016,-0.001172349,-0.001073683,-0.001182006,-0.001234555,-0.001129456
1511.538,-0.001047079,-0.001030136,-0.001064023,-0.001142678,-0.001054795,-0.00123056,-0.001114196,-0.001138821,-0.001089571,-0.001076853,-0.001175477,-0.00097823,-0.001104041,-0.001154138,-0.001053944,-0.001153606,-0.001304691,-0.00100252
1513.111,-0.001022395,-0.001058585,-0.000986204,-0.001190438,-0.001044291,-0.001336584,-0.001197153,-0.00121635,-0.001177955,-0.001133092,-0.001094144,-0.001172041,-0.001101044,-0.001206891,-0.000995197,-0.001126312,-0.001144881,-0.001107743
1514.683,-0.001011899,-0.001029895,-0.000993904,-0.001199277,-0.000988497,-0.001410056,-0.001217342,-0.001226436,-0.001208247,-0.001131722,-0.001049186,-0.001214258,-0.001109155,-0.001152634,-0.001065676,-0.001100984,-0.001108305,-0.001093663
1516.254,-0.000970535,-0.000977509,-0.000963562,-0.001231519,-0.001032789,-0.001430248,-0.001299675,-0.001321248,-0.001278101,-0.001110468,-0.000996145,-0.00122479,-0.001136635,-0.001191693,-0.001081576,-0.001141763,-0.001063613,-0.001219913
1517.824,-0.000926454,-0.000953225,-0.000899682,-0.001247909,-0.00113938,-0.001356438,-0.001251277,-0.001302513,-0.00120004,-0.001068921,-0.00099409,-0.001143751,-0.001060834,-0.00108132,-0.001040348,-0.001115801,-0.001029844,-0.001201758
1519.394,-0.00097488,-0.000999114,-0.000950647,-0.00125254,-0.001087941,-0.00141714,-0.001194745,-0.001293658,-0.001095831,-0.000992636,-0.000845502,-0.00113977,-0.001111796,-0.001128474,-0.001095118,-0.001229464,-0.001142911,-0.001316017
1520.963,-0.0009407,-0.000962169,-0.000919231,-0.001191498,-0.001086638,-0.001296357,-0.001101087,-0.001135895,-0.001066278,-0.001025477,-0.000881752,-0.001169201,-0.001196697,-0.001213351,-0.001180044,-0.001234599,-0.00111011,-0.001359087
1522.532,-0.001055,-0.001067066,-0.001042934,-0.001190624,-0.001168738,-0.001212511,-0.001098622,-0.00103061,-0.001166634,-0.00106515,-0.001041426,-0.001088874,-0.001225648,-0.001288547,-0.001162748,-0.001182754,-0.001134739,-0.001230769
1524.1,-0.001076052,-0.001112886,-0.001039217,-0.001203875,-0.001210306,-0.001197445,-0.001147409,-0.001127705,-0.001167114,-0.001075242,-0.000986084,-0.0011644,-0.001259789,-0.001362743,-0.001156836,-0.00124165,-0.00122679,-0.00125651
1525.667,-0.001071623,-0.00106068,-0.001082567,-0.001184002,-0.001199466,-0.001168539,-0.001133045,-0.0010528,-0.001213289,-0.001211981,-0.001077298,-0.001346664,-0.001266942,-0.001412383,-0.0011215,-0.001226154,-0.0011864,-0.001265908
1527.234,-0.001213288,-0.001219111,-0.001207465,-0.001189825,-0.001121009,-0.00125864,-0.001154206,-0.001106403,-0.001202009,-0.001319486,-0.001250697,-0.001388274,-0.001314611,-0.001441994,-0.001187228,-0.001259412,-0.001252203,-0.001266621
1528.8,-0.001194853,-0.001207248,-0.001182458,-0.00120846,-0.001195466,-0.001221454,-0.001183515,-0.001087813,-0.001279218,-0.001356125,-0.001322852,-0.001389399,-0.001259972,-0.001436992,-0.001082951,-0.001233819,-0.001186046,-0.001281592
1530.365,-0.001263075,-0.001308658,-0.001217492,-0.001229914,-0.001239182,-0.001220646,-0.001176017,-0.001121671,-0.001230364,-0.00127445,-0.001307069,-0.001241832,-0.001255495,-0.001386782,-0.001124209,-0.001207427,-0.001168815,-0.00124604
1531.929,-0.001289385,-0.001298307,-0.001280463,-0.001255731,-0.001219263,-0.001292199,-0.001161054,-0.001112769,-0.001209339,-0.00120462,-0.001229685,-0.001179555,-0.001211276,-0.001355521,-0.001067031,-0.001291496,-0.001261544,-0.001321448
1533.493,-0.001330062,-0.001310963,-0.001349162,-0.001248248,-0.001291392,-0.001205105,-0.001152366,-0.001094062,-0.00121067,-0.001245972,-0.001306035,-0.001185909,-0.001210744,-0.001368525,-0.001052963,-0.001207612,-0.001103754,-0.001311471
1535.057,-0.00139397,-0.001379746,-0.001408195,-0.001288755,-0.001335777,-0.001241733,-0.001252115,-0.001188821,-0.00131541,-0.001201484,-0.001253128,-0.00114984,-0.001270699,-0.00138979,-0.001151608,-0.001213478,-0.001122906,-0.00130405
1536.619,-0.00130083,-0.001345437,-0.001256224,-0.001356549,-0.001413542,-0.001299557,-0.001293861,-0.001358681,-0.00122904,-0.001262516,-0.001249523,-0.001275508,-0.001279442,-0.001406774,-0.001152109,-0.001260727,-0.001127219,-0.001394234
1538.181,-0.001277351,-0.001247729,-0.001306973,-0.001388327,-0.001446389,-0.001330264,-0.001319782,-0.001378648,-0.001260916,-0.001379112,-0.00132989,-0.001428334,-0.001343042,-0.001486724,-0.001199361,-0.001288313,-0.001200573,-0.001376054
1539.742,-0.001287679,-0.001307718,-0.001267641,-0.001411757,-0.001446389,-0.001377124,-0.001299174,-0.001395866,-0.001202482,-0.001394291,-0.001340979,-0.001447604,-0.001369651,-0.001437323,-0.001301978,-0.001300186,-0.001267525,-0.001332846
1541.303,-0.001208663,-0.001326173,-0.001091152,-0.001437267,-0.001399478,-0.001475057,-0.001318877,-0.001415749,-0.001222006,-0.001397432,-0.001392988,-0.001401876,-0.001340912,-0.001424087,-0.001257737,-0.001197692,-0.00117455,-0.001220835
1542.863,-0.001147329,-0.001247992,-0.001046667,-0.001395612,-0.001344526,-0.001446698,-0.001303526,-0.001426629,-0.001180424,-0.001330567,-0.001326157,-0.001334977,-0.001376776,-0.001386661,-0.001366892,-0.001177932,-0.001226261,-0.001129602
1544.422,-0.001165028,-0.001227484,-0.001102572,-0.001361498,-0.001237076,-0.001485919,-0.001329201,-0.00141278,-0.001245622,-0.001231804,-0.00122031,-0.001243297,-0.001296542,-0.001255844,-0.00133724,-0.001201556,-0.001297583,-0.00110553
1545.981,-0.001233462,-0.001225918,-0.001241007,-0.001334613,-0.001183308,-0.001485919,-0.001315746,-0.001426629,-0.001204862,-0.001238849,-0.001229328,-0.001248369,-0.001287365,-0.001197798,-0.001376932,-0.001200732,-0.001273172,-0.001128292
1547.539,-0.001265871,-0.001252693,-0.001279049,-0.001307172,-0.001128425,-0.001485919,-0.001354695,-0.001426629,-0.001282761,-0.001248144,-0.00121575,-0.001280538,-0.001271366,-0.00113274,-0.001409992,-0.001219752,-0.001298732,-0.001140772
1549.096,-0.001228125,-0.00119528,-0.00126097,-0.001306537,-0.001178672,-0.001434403,-0.001315806,-0.001332951,-0.001298661,-0.001329414,-0.001336295,-0.001322532,-0.00129104,-0.001173949,-0.001408131,-0.001267186,-0.001240279,-0.001294092
1550.653,-0.001215628,-0.00112047,-0.001310785,-0.001290659,-0.001165142,-0.001416177,-0.001284529,-0.001219804,-0.001349254,-0.001400072,-0.001420781,-0.001379363,-0.001339932,-0.001328,-0.001351864,-0.001333417,-0.001395682,-0.001271153
1552.209,-0.001190448,-0.001167332,-0.001213564,-0.001249089,-0.001100106,-0.001398072,-0.001280855,-0.00116397,-0.001397739,-0.001365446,-0.001381661,-0.001349231,-0.001317596,-0.001330046,-0.001305146,-0.001354179,-0.001380211,-0.001328146
1553.764,-0.00120051,-0.001196254,-0.001204766,-0.001309188,-0.001140741,-0.001477635,-0.001295752,-0.001177968,-0.001413536,-0.001329608,-0.001426953,-0.001232263,-0.001296857,-0.001361641,-0.001232073,-0.001383641,-0.001381307,-0.001385975
1555.319,-0.001129462,-0.001107796,-0.001151129,-0.00130252,-0.001234735,-0.001370305,-0.001260671,-0.001101871,-0.001419471,-0.001320823,-0.001426953,-0.001214692,-0.001229927,-0.001347695,-0.001112159,-0.001382967,-0.001397006,-0.001368927
1556.873,-0.001250489,-0.001290258,-0.001210719,-0.001319637,-0.001231046,-0.001408229,-0.001267399,-0.001130385,-0.001404414,-0.001290819,-0.001349994,-0.001231643,-0.001142081,-0.001244651,-0.001039512,-0.001393151,-0.001403743,-0.00138256
1558.427,-0.001343735,-0.001414821,-0.00127265,-0.001279006,-0.001274251,-0.001283761,-0.001307977,-0.001211648,-0.001404306,-0.001348207,-0.001345698,-0.001350717,-0.001113549,-0.001253464,-0.000973634,-0.001380811,-0.001372155,-0.001389467
1559.98,-0.001441682,-0.001534813,-0.001348551,-0.001244249,-0.001293785,-0.001194713,-0.001310589,-0.001191556,-0.001429622,-0.001376316,-0.001319025,-0.001433607,-0.001129928,-0.001262229,-0.000997628,-0.001356192,-0.001337508,-0.001374876
1561.532,-0.001437189,-0.001487875,-0.001386503,-0.001250705,-0.001295316,-0.001206094,-0.001286203,-0.001131561,-0.001440844,-0.00135406,-0.001320209,-0.00138791,-0.001157698,-0.00135143,-0.000963965,-0.001357686,-0.001321139,-0.001394234
1563.083,-0.001421104,-0.001414113,-0.001428095,-0.001195665,-0.001257567,-0.001133763,-0.001301616,-0.001163221,-0.001440012,-0.001377484,-0.001297194,-0.001457774,-0.001274036,-0.001482219,-0.001065853,-0.00137579,-0.001405996,-0.001345585
1564.634,-0.001355828,-0.001373676,-0.001337981,-0.001182879,-0.001263239,-0.001102519,-0.001341517,-0.001299034,-0.001384,-0.001356778,-0.001255782,-0.001457774,-0.001331561,-0.001486724,-0.001176398,-0.001383941,-0.00140116,-0.001366723
1566.184,-0.001300146,-0.001261138,-0.001339153,-0.001251497,-0.001337606,-0.001165388,-0.001307075,-0.001292332,-0.001321818,-0.001351155,-0.001304327,-0.001397982,-0.001350169,-0.001486724,-0.001213614,-0.001317656,-0.001327153,-0.00130816
1567.734,-0.001188744,-0.001142611,-0.001234878,-0.001280029,-0.001345094,-0.001214965,-0.001235052,-0.001228983,-0.001241122,-0.001393891,-0.001351665,-0.001436117,-0.001369247,-0.001483398,-0.001255096,-0.001221171,-0.001279054,-0.001163288
1569.283,-0.001233859,-0.001193341,-0.001274377,-0.001284589,-0.00130787,-0.001261309,-0.001211341,-0.001205623,-0.00121706,-0.001356777,-0.001300877,-0.001412677,-0.001283198,-0.001341856,-0.00122454,-0.001247598,-0.00126793,-0.001227266
1570.831,-0.001305804,-0.001325124,-0.001286483,-0.001272929,-0.00121184,-0.001334018,-0.001282335,-0.001217602,-0.001347069,-0.001400893,-0.001366703,-0.001435082,-0.001299094,-0.00135342,-0.001244767,-0.001178488,-0.001226911,-0.001130065
1572.378,-0.001362772,-0.00135182,-0.001373725,-0.001303848,-0.001236826,-0.00137087,-0.001245672,-0.001186968,-0.001304376,-0.001322561,-0.001360504,-0.001284618,-0.001373281,-0.001423342,-0.001323219,-0.001240194,-0.001233045,-0.001247344
1573.925,-0.001363783,-0.001307681,-0.001419884,-0.001319995,-0.001174951,-0.00146504,-0.00126652,-0.00112538,-0.001407659,-0.001285504,-0.001409537,-0.001161472,-0.001334078,-0.00143305,-0.001235106,-0.00122511,-0.00128167,-0.00116855
1575.471,-0.001360008,-0.001199919,-0.001520096,-0.001327457,-0.001189276,-0.001465638,-0.0012938,-0.001146756,-0.001440844,-0.001301083,-0.001426953,-0.001175213,-0.001431592,-0.001486724,-0.00137646,-0.00131802,-0.001368037,-0.001268003
1577.017,-0.001360406,-0.001200716,-0.001520096,-0.001320633,-0.001227755,-0.001413511,-0.001311354,-0.001181864,-0.001440844,-0.001314699,-0.001413518,-0.00121588,-0.001366981,-0.001417011,-0.001316951,-0.001353637,-0.001403742,-0.001303532
1578.562,-0.001338907,-0.001220429,-0.001457385,-0.001348263,-0.001250129,-0.001446397,-0.001353627,-0.001266409,-0.001440844,-0.001280422,-0.001346133,-0.00121471,-0.001267769,-0.001304261,-0.001231277,-0.001320949,-0.00136828,-0.001273618
1580.106,-0.001295212,-0.001192816,-0.001397607,-0.001341849,-0.001239782,-0.001443916,-0.001287694,-0.001263447,-0.001311941,-0.00124954,-0.001214893,-0.001284187,-0.001173686,-0.001237512,-0.00110986,-0.001331066,-0.001331491,-0.001330641
1581.65,-0.001343561,-0.001236308,-0.001450814,-0.001316455,-0.00123535,-0.001397559,-0.001307323,-0.001311491,-0.001303155,-0.001223344,-0.001166784,-0.001279904,-0.001104087,-0.001109876,-0.001098299,-0.001364578,-0.00134083,-0.001388327
1583.193,-0.001368277,-0.001296397,-0.001440157,-0.001325501,-0.001309322,-0.001341681,-0.001349117,-0.001361941,-0.001336294,-0.001282788,-0.001156937,-0.001408638,-0.001142903,-0.001228989,-0.001056818,-0.001349995,-0.001372045,-0.001327945
1584.735,-0.001339058,-0.001247056,-0.001431061,-0.001307714,-0.001407839,-0.00120759,-0.001304842,-0.001376338,-0.001233346,-0.001212781,-0.001077525,-0.001348036,-0.00127367,-0.00136185,-0.00118549,-0.001294044,-0.001308183,-0.001279905
1586.277,-0.001365754,-0.001335829,-0.001395679,-0.001302559,-0.001337105,-0.001268012,-0.001260179,-0.001308252,-0.001212106,-0.00124436,-0.001038932,-0.001449787,-0.001318828,-0.001371737,-0.001265919,-0.001243802,-0.001324945,-0.00116266
1587.818,-0.0013524,-0.001305163,-0.001399636,-0.001369215,-0.001446389,-0.001292041,-0.00125037,-0.00134222,-0.00115852,-0.001292418,-0.001189869,-0.001394967,-0.001437778,-0.001465563,-0.001409992,-0.001261042,-0.001383807,-0.001138276
1589.359,-0.00137287,-0.001455192,-0.001290548,-0.001351635,-0.001421796,-0.001281474,-0.001241253,-0.001330943,-0.001151563,-0.00130197,-0.001168146,-0.001435795,-0.001432487,-0.001454982,-0.001409992,-0.001165639,-0.001245114,-0.001086164
1590.898,-0.001369445,-0.001534813,-0.001204077,-0.001383128,-0.001446389,-0.001319867,-0.001217019,-0.001385163,-0.001048875,-0.001325172,-0.001231495,-0.001418848,-0.001440903,-0.001471814,-0.001409992,-0.001189668,-0.001255772,-0.001123565
1592.438,-0.001349185,-0.001527151,-0.001171219,-0.001384346,-0.001384567,-0.001384125,-0.001129285,-0.001241898,-0.001016673,-0.001289777,-0.00124784,-0.001331715,-0.001364383,-0.001417453,-0.001311313,-0.001191348,-0.001201826,-0.00118087
1593.976,-0.001282059,-0.001355451,-0.001208668,-0.00136624,-0.00129006,-0.001442421,-0.001189374,-0.00129671,-0.001082039,-0.001279671,-0.001274862,-0.00128448,-0.001312973,-0.001297272,-0.001328673,-0.001281426,-0.0012685,-0.001294352
1595.514,-0.001298665,-0.001304439,-0.00129289,-0.001330097,-0.00125859,-0.001401604,-0.001271248,-0.001356165,-0.001186331,-0.001275514,-0.001266054,-0.001284975,-0.001256393,-0.001359034,-0.001153751,-0.001285201,-0.001266218,-0.001304184
1597.051,-0.001287692,-0.001278759,-0.001296626,-0.001321287,-0.001202599,-0.001439975,-0.001334481,-0.001426629,-0.001242333,-0.001217106,-0.001236309,-0.001197902,-0.001211721,-0.001298751,-0.001124692,-0.001276078,-0.00125069,-0.001301467
1598.588,-0.001272388,-0.001249964,-0.001294811,-0.00127317,-0.001128505,-0.001417836,-0.001307416,-0.001379118,-0.001235713,-0.001234215,-0.001187682,-0.001280747,-0.001180416,-0.001240891,-0.00111994,-0.001328083,-0.001301383,-0.001354783
1600.124,-0.001319375,-0.00129347,-0.00134528,-0.001207856,-0.001057629,-0.001358083,-0.001340786,-0.001358286,-0.001323287,-0.001247738,-0.001298313,-0.001197163,-0.001187071,-0.00126265,-0.001111492,-0.001256321,-0.001246855,-0.001265787
1601.659,-0.001373754,-0.001364072,-0.001383436,-0.001247988,-0.001120914,-0.001375062,-0.001353364,-0.001380162,-0.001326565,-0.001258181,-0.001364491,-0.00115187,-0.001256396,-0.001290166,-0.001222626,-0.001203263,-0.001101244,-0.001305283
1603.194,-0.00135586,-0.001362588,-0.001349132,-0.001269894,-0.001165804,-0.001373985,-0.001272715,-0.001306487,-0.001238943,-0.001248731,-0.001363146,-0.001134317,-0.001238225,-0.001278376,-0.001198074,-0.00122649,-0.001211936,-0.001241045
1604.728,-0.001337236,-0.001285824,-0.001388648,-0.001240527,-0.00112597,-0.001355085,-0.001141682,-0.001118052,-0.001165312,-0.001202149,-0.001304197,-0.001100102,-0.001256095,-0.001292011,-0.001220179,-0.001257233,-0.001251329,-0.001263138
1606.261,-0.001254325,-0.001162198,-0.001346453,-0.001163095,-0.001042071,-0.001284118,-0.001099715,-0.001038858,-0.001160572,-0.001180726,-0.001164906,-0.001196546,-0.001200667,-0.001177497,-0.001223837,-0.001322206,-0.001272943,-0.00137147
1607.794,-0.001285786,-0.001192143,-0.001379429,-0.001172319,-0.001036356,-0.001308282,-0.001096353,-0.001030342,-0.001162363,-0.001151144,-0.001151735,-0.001150552,-0.001154787,-0.001164157,-0.001145418,-0.001224311,-0.001283756,-0.001164867
1609.326,-0.001171032,-0.001210277,-0.001131788,-0.001212295,-0.001125423,-0.001299167,-0.001111452,-0.001061544,-0.001161359,-0.001143734,-0.001103401,-0.001184068,-0.001057998,-0.001140007,-0.00097599,-0.001166795,-0.00121925,-0.001114341
1610.857,-0.001116795,-0.001144013,-0.001089577,-0.001166658,-0.001048076,-0.001285239,-0.00111591,-0.001158584,-0.001073236,-0.001040774,-0.000964329,-0.001117219,-0.001020042,-0.001145841,-0.000894242,-0.001060753,-0.001107362,-0.001014144
1612.388,-0.001221233,-0.001229459,-0.001213008,-0.001079751,-0.000949778,-0.001209725,-0.001139611,-0.001081402,-0.001197819,-0.001053957,-0.001028451,-0.001079464,-0.001011566,-0.001107191,-0.000915941,-0.00097677,-0.000949232,-0.001004307
1613.918,-0.001266193,-0.00125895,-0.001273437,-0.001168563,-0.00112997,-0.001207156,-0.00124369,-0.001262469,-0.001224911,-0.001039575,-0.001059919,-0.001019232,-0.001009796,-0.001051408,-0.000968184,-0.000930469,-0.000917504,-0.000943434
1615.447,-0.001244884,-0.001178099,-0.001311669,-0.001140364,-0.001099204,-0.001181524,-0.001187461,-0.001210694,-0.001164227,-0.000956336,-0.000926281,-0.000986391,-0.001050512,-0.001135959,-0.000965065,-0.000995821,-0.001001777,-0.000989866
1616.976,-0.001238793,-0.001209084,-0.001268503,-0.001059046,-0.001089823,-0.001028269,-0.001044607,-0.001075499,-0.001013716,-0.000920092,-0.000861493,-0.000978691,-0.001070776,-0.001129661,-0.001011892,-0.000991719,-0.000917033,-0.001066405
1618.504,-0.001177189,-0.001144799,-0.001209579,-0.000906039,-0.000961103,-0.000850974,-0.000924204,-0.000869375,-0.000979033,-0.000840668,-0.000769251,-0.000912084,-0.001058169,-0.001093449,-0.001022889,-0.000976676,-0.000926003,-0.001027349
1620.032,-0.001104319,-0.001108732,-0.001099906,-0.000897232,-0.000954251,-0.000840212,-0.000747579,-0.000692478,-0.000802681,-0.000822683,-0.000819962,-0.000825404,-0.001040722,-0.001057783,-0.001023662,-0.000837233,-0.000836136,-0.00083833
1621.559,-0.000942984,-0.001036176,-0.000849791,-0.000833031,-0.000960134,-0.000705928,-0.000624008,-0.000630865,-0.000617152,-0.000710354,-0.000706591,-0.000714117,-0.000865366,-0.000938169,-0.000792563,-0.000736498,-0.000737933,-0.000735062
1623.085,-0.000843645,-0.000907454,-0.000779836,-0.000845722,-0.00088381,-0.000807634,-0.000563785,-0.000664886,-0.000462684,-0.000605006,-0.00068505,-0.000524962,-0.000804056,-0.000915106,-0.000693007,-0.000702031,-0.000691105,-0.000712956
1624.611,-0.000835648,-0.000841469,-0.000829827,-0.000804723,-0.000850678,-0.000758768,-0.000449651,-0.000508715,-0.000390586,-0.000643284,-0.0008134,-0.000473167,-0.000627559,-0.000669024,-0.000586094,-0.000627061,-0.000569811,-0.000684312
1626.136,-0.000830819,-0.000833134,-0.000828504,-0.000819337,-0.000827575,-0.000811099,-0.000415146,-0.000488804,-0.000341488,-0.000583762,-0.000679015,-0.000488508,-0.000510149,-0.00049499,-0.000525309,-0.00060618,-0.000588814,-0.000623547
1627.66,-0.000877021,-0.000818599,-0.000935443,-0.000783012,-0.000800863,-0.000765161,-0.000302262,-0.000282855,-0.000321669,-0.000458561,-0.000534677,-0.000382444,-0.00041416,-0.00045715,-0.00037117,-0.00060037,-0.000570288,-0.000630452
1629.184,-0.00086001,-0.000821351,-0.000898668,-0.000727315,-0.000681619,-0.000773012,-0.00021619,-0.000187452,-0.000244928,-0.000366056,-0.000425509,-0.000306602,-0.00031029,-0.000372423,-0.000248158,-0.000482321,-0.000464594,-0.000500047
1630.707,-0.000765055,-0.000669406,-0.000860705,-0.000600228,-0.000578432,-0.000622024,-9.76235E-05,-1.37714E-05,-0.000181476,-0.000222623,-0.000284061,-0.000161184,-0.000326015,-0.00042051,-0.00023152,-0.000410643,-0.00042924,-0.000392045
1632.229,-0.000786735,-0.000735016,-0.000838454,-0.000490989,-0.000503868,-0.00047811,7.13531E-05,0.000162191,-1.94843E-05,-0.000113055,-0.000116671,-0.00010944,-0.000243303,-0.000381338,-0.000105268,-0.000147492,-0.000206762,-8.82222E-05
1633.751,-0.000593146,-0.000506194,-0.000680098,-0.000262633,-0.000320757,-0.00020451,0.000244344,0.000260699,0.000227988,0.000176363,0.000201329,0.000151397,1.9253E-05,-6.24999E-05,0.000101006,0.000155881,8.68638E-05,0.000224897
1635.272,-0.000399564,-0.000350221,-0.000448908,-4.06278E-05,-6.63701E-06,-7.46185E-05,0.000349637,0.000415454,0.00028382,0.000389729,0.000411597,0.000367862,0.000141435,0.000174034,0.000108835,0.000103471,2.96282E-05,0.000177314
1636.793,-0.00023059,-0.000175824,-0.000285357,0.000200792,0.000259048,0.000142536,0.000554275,0.000636892,0.000471659,0.000522279,0.000503713,0.000540846,0.000403555,0.000513025,0.000294085,0.000229703,0.000219766,0.000239641
1638.313,-7.90624E-05,-9.47601E-05,-6.33646E-05,0.000467398,0.000562715,0.00037208,0.000769432,0.00086632,0.000672543,0.000799587,0.000797566,0.000801608,0.000649991,0.000837794,0.000462189,0.000416353,0.000419886,0.00041282
1639.832,8.97154E-05,9.77999E-06,0.000169651,0.000751721,0.000862251,0.00064119,0.000989021,0.001121489,0.000856553,0.001061446,0.000987937,0.001134955,0.001008404,0.001140792,0.000876016,0.000805255,0.00075,0.000860511
1641.351,0.000475412,0.00042558,0.000525245,0.001140629,0.001267343,0.001013914,0.001258467,0.001316734,0.001200201,0.001403368,0.001333752,0.001472984,0.001336069,0.0013783,0.001293838,0.001231744,0.001166205,0.001297284
1642.869,0.000836543,0.00078673,0.000886355,0.001600399,0.001672801,0.001527996,0.001686699,0.001730828,0.001642571,0.001822371,0.001705816,0.001938926,0.001743469,0.001706861,0.001780076,0.00187234,0.001806371,0.001938309
1644.386,0.001307606,0.001225084,0.001390128,0.002247989,0.002279987,0.002215991,0.002318629,0.002337526,0.002299731,0.002436438,0.002405059,0.002467816,0.00234981,0.002123195,0.002576424,0.002738905,0.002670043,0.002807766
1645.903,0.002057601,0.002023383,0.002091819,0.003074849,0.003004541,0.003145157,0.003073888,0.003001039,0.003146738,0.00322058,0.003270895,0.003170265,0.003131463,0.002936636,0.003326291,0.003732255,0.003687662,0.003776848
1647.419,0.002776951,0.002794586,0.002759317,0.003967296,0.003950908,0.003983683,0.003893414,0.003927158,0.003859671,0.004123732,0.004216214,0.00403125,0.003911488,0.003770469,0.004052508,0.004446852,0.004387774,0.00450593
1648.934,0.003475277,0.003547691,0.003402864,0.004882089,0.004799004,0.004965174,0.004813592,0.004872129,0.004755054,0.004996519,0.005050067,0.004942972,0.004723145,0.00459156,0.004854731,0.005316791,0.005175261,0.005458322
1650.449,0.004033719,0.00404656,0.004020877,0.005654846,0.005596799,0.005712894,0.005758164,0.005799615,0.005716712,0.005883121,0.005979516,0.005786726,0.005395225,0.005328575,0.005461874,0.006212016,0.006062111,0.00636192
1651.963,0.004381538,0.004374705,0.004388371,0.006264352,0.00627417,0.006254534,0.006575135,0.006620456,0.006529814,0.006614316,0.006671452,0.00655718,0.006056051,0.006050177,0.006061926,0.00691909,0.006703264,0.007134915
1653.476,0.004613521,0.004628198,0.004598845,0.006628003,0.006603882,0.006652124,0.007131909,0.007156732,0.007107087,0.00718742,0.00727797,0.007096871,0.006433828,0.006465921,0.006401734,0.007385112,0.007172382,0.007597842
1654.989,0.004458981,0.004420664,0.004497299,0.006638211,0.006665185,0.006611236,0.007394828,0.007419499,0.007370157,0.007343133,0.007386419,0.007299847,0.006649118,0.00677014,0.006528096,0.007696558,0.007485544,0.007907571
1656.502,0.004157813,0.004049032,0.004266595,0.00630193,0.006348532,0.006255327,0.007272669,0.00728848,0.007256858,0.007198541,0.007225367,0.007171715,0.006523241,0.006597914,0.006448569,0.007484268,0.0073381,0.007630436
1658.013,0.003538262,0.003426514,0.00365001,0.005636666,0.005679787,0.005593545,0.006717877,0.006757071,0.006678682,0.006688272,0.00666971,0.006706835,0.006069934,0.006191145,0.005948723,0.006966852,0.006837254,0.00709645
1659.524,0.002867484,0.002817765,0.002917203,0.004741867,0.00481292,0.004670814,0.005816454,0.005912193,0.005720715,0.00591704,0.005795174,0.006038905,0.005329457,0.005447932,0.005210982,0.006076864,0.005961416,0.006192313
1661.035,0.002132178,0.002122393,0.002141963,0.003816567,0.003832528,0.003800607,0.00474544,0.004799322,0.004691557,0.004924019,0.004781386,0.005066653,0.0044157,0.004504509,0.00432689,0.005130208,0.004986608,0.005273808
1662.544,0.001426896,0.001436088,0.001417704,0.002783445,0.002842431,0.002724458,0.00365251,0.003668691,0.003636329,0.003800517,0.003714564,0.00388647,0.003427033,0.003454254,0.003399812,0.004124206,0.00406257,0.004185842
1664.053,0.000721693,0.00074592,0.000697466,0.001994698,0.002003266,0.001986129,0.002713204,0.0027476,0.002678809,0.002776567,0.002736311,0.002816823,0.002533011,0.002429944,0.002636078,0.003052003,0.002966644,0.003137363
1665.562,0.000325208,0.000382705,0.000267711,0.001379809,0.001330802,0.001428815,0.001852036,0.001865019,0.001839053,0.001927288,0.001880945,0.001973631,0.00170619,0.00157582,0.001836561,0.0022001,0.002155522,0.002244679
1667.07,-8.57041E-05,-5.97233E-05,-0.000111685,0.000871238,0.000823322,0.000919155,0.001187918,0.001120182,0.001255653,0.00119743,0.001217347,0.001177513,0.001163646,0.001071817,0.001255475,0.001581691,0.001557775,0.001605607
1668.577,-0.000366613,-0.000417086,-0.00031614,0.00041286,0.000389909,0.000435811,0.000660213,0.00067089,0.000649536,0.000714264,0.00068404,0.000744489,0.000672159,0.000583838,0.00076048,0.000932778,0.000950659,0.000914896
1670.083,-0.000564373,-0.000748873,-0.000379874,6.29042E-05,6.04312E-05,6.53772E-05,0.000238532,0.000271687,0.000205377,0.000337834,0.000254428,0.000421241,0.000210423,0.000202719,0.000218127,0.000445892,0.000431663,0.00046012
1671.589,-0.00066989,-0.000802027,-0.000537753,-0.000201248,-9.17561E-05,-0.00031074,-6.33064E-05,-8.22403E-05,-4.43725E-05,-1.09296E-05,-0.000160913,0.000139054,-0.000161418,-0.000133845,-0.000188991,-3.61479E-05,-4.58951E-05,-2.64006E-05
1673.095,-0.000762765,-0.000887743,-0.000637787,-0.000428025,-0.000256851,-0.000599198,-0.0002629,-0.000316401,-0.000209399,-0.000305396,-0.000441619,-0.000169173,-0.000414393,-0.000343134,-0.000485651,-0.00027269,-0.000249765,-0.000295616
1674.599,-0.000872744,-0.00098895,-0.000756539,-0.000635126,-0.00048995,-0.000780301,-0.00046579,-0.00055105,-0.00038053,-0.000658253,-0.00073777,-0.000578736,-0.000534332,-0.000599988,-0.000468676,-0.00052489,-0.000520172,-0.000529607
1676.103,-0.001028414,-0.00106308,-0.000993749,-0.000700794,-0.000622407,-0.00077918,-0.000594905,-0.000590341,-0.00059947,-0.000840601,-0.000853737,-0.000827464,-0.000741842,-0.000926556,-0.000557127,-0.000746328,-0.00070671,-0.000785946
1677.607,-0.001112208,-0.001067223,-0.001157192,-0.000709246,-0.000705158,-0.000713334,-0.00074927,-0.000689168,-0.000809372,-0.000996466,-0.001024278,-0.000968655,-0.000841496,-0.00101881,-0.000664182,-0.000818229,-0.000734727,-0.000901731
1679.11,-0.001284691,-0.001281469,-0.001287913,-0.000826183,-0.000897389,-0.000754976,-0.000843925,-0.000757366,-0.000930483,-0.001092665,-0.001061991,-0.00112334,-0.000876107,-0.001053541,-0.000698672,-0.000830908,-0.000730283,-0.000931533
1680.612,-0.001260526,-0.001341031,-0.001180021,-0.000955253,-0.001043201,-0.000867305,-0.000919375,-0.000829905,-0.001008845,-0.001027787,-0.000998707,-0.001056866,-0.000964114,-0.001196534,-0.000731694,-0.000932899,-0.000830819,-0.001034979
1682.113,-0.001282665,-0.001512078,-0.001053252,-0.001036862,-0.001085265,-0.000988459,-0.000955586,-0.00092906,-0.000982111,-0.001052742,-0.001041975,-0.001063509,-0.001047011,-0.001253793,-0.000840228,-0.001042168,-0.000977386,-0.00110695
1683.614,-0.001283677,-0.001394205,-0.00117315,-0.0010805,-0.000981776,-0.001179225,-0.000995139,-0.001019555,-0.000970723,-0.001056091,-0.001073461,-0.001038721,-0.001113812,-0.001322656,-0.000904968,-0.001087637,-0.00101905,-0.001156224
1685.114,-0.001257137,-0.001359256,-0.001155017,-0.001201453,-0.001080075,-0.001322831,-0.000908949,-0.000948061,-0.000869838,-0.001138828,-0.001204796,-0.001072859,-0.001145436,-0.001273751,-0.001017121,-0.001105559,-0.0010799,-0.001131218
1686.614,-0.00128774,-0.001320256,-0.001255224,-0.001302304,-0.001157209,-0.001447399,-0.000959504,-0.001040993,-0.000878015,-0.00126467,-0.001269909,-0.001259431,-0.001087744,-0.001228601,-0.000946887,-0.001150192,-0.001159372,-0.001141012
1688.113,-0.001310463,-0.001244701,-0.001376225,-0.001351167,-0.001216415,-0.001485919,-0.000971819,-0.001006264,-0.000937374,-0.001316403,-0.001252075,-0.00138073,-0.001150349,-0.001239672,-0.001061027,-0.001196743,-0.001197838,-0.001195648
1689.611,-0.001417676,-0.001356469,-0.001478884,-0.001319181,-0.001250407,-0.001387955,-0.000996645,-0.00091423,-0.00107906,-0.001389896,-0.001330469,-0.001449322,-0.001119707,-0.001146439,-0.001092975,-0.00116655,-0.001169107,-0.001163993
1691.109,-0.001441754,-0.001383641,-0.001499868,-0.001320423,-0.001305966,-0.001334881,-0.001065699,-0.000941445,-0.001189954,-0.001385377,-0.00131298,-0.001457774,-0.001157019,-0.001203535,-0.001110503,-0.001188652,-0.001184843,-0.00119246
1692.606,-0.001443023,-0.001429247,-0.001456799,-0.001347937,-0.001324254,-0.00137162,-0.001043988,-0.000996451,-0.001091525,-0.00131996,-0.001258588,-0.001381331,-0.001148208,-0.001220705,-0.001075712,-0.001312204,-0.001343884,-0.001280523
1694.103,-0.001465881,-0.001534813,-0.001396949,-0.001288614,-0.00119786,-0.001379369,-0.001030337,-0.001035849,-0.001024825,-0.001316099,-0.00126402,-0.001368178,-0.001204487,-0.001236724,-0.00117225,-0.001396093,-0.001406064,-0.001386121
1695.599,-0.001503822,-0.001534813,-0.001472832,-0.00122269,-0.001166385,-0.001278995,-0.001098659,-0.001113542,-0.001083775,-0.001285616,-0.001267883,-0.001303349,-0.001186304,-0.001233276,-0.001139331,-0.001382588,-0.001398676,-0.0013665
1697.094,-0.001503947,-0.001534813,-0.001473081,-0.001210526,-0.001179172,-0.001241879,-0.001083793,-0.001162375,-0.001005211,-0.001309206,-0.001307855,-0.001310558,-0.001147193,-0.001155805,-0.001138581,-0.001352816,-0.001406064,-0.001299567
1698.588,-0.001487519,-0.001515931,-0.001459107,-0.001213654,-0.001169979,-0.001257328,-0.001223814,-0.001316501,-0.001131127,-0.001302816,-0.00124069,-0.001364941,-0.001138515,-0.001090206,-0.001186825,-0.001363745,-0.001404308,-0.001323182
1700.082,-0.001465012,-0.001468263,-0.00146176,-0.001169507,-0.001101517,-0.001237497,-0.001218108,-0.001288117,-0.001148099,-0.001387118,-0.001326416,-0.00144782,-0.001191675,-0.001140563,-0.001242786,-0.001352203,-0.001394879,-0.001309526
1701.576,-0.001518276,-0.001516456,-0.001520096,-0.001166972,-0.001092986,-0.001240958,-0.001288708,-0.001243715,-0.001333701,-0.00134287,-0.001344161,-0.00134158,-0.001117598,-0.001121267,-0.001113929,-0.001295268,-0.001325125,-0.001265411
1703.068,-0.001458585,-0.001397074,-0.001520096,-0.00110207,-0.001155093,-0.001049046,-0.001331081,-0.00123137,-0.001430792,-0.001414445,-0.001426953,-0.001401938,-0.001130853,-0.001131779,-0.001129927,-0.00129373,-0.00126383,-0.00132363
1704.561,-0.00143548,-0.001389085,-0.001481875,-0.001162823,-0.001224734,-0.001100912,-0.001277463,-0.001222284,-0.001332642,-0.0013816,-0.001406608,-0.001356593,-0.001053614,-0.001067587,-0.001039641,-0.001251897,-0.001302457,-0.001201338
1706.052,-0.001316648,-0.001333558,-0.001299739,-0.001129241,-0.001197064,-0.001061417,-0.001224845,-0.001239275,-0.001210416,-0.001366795,-0.00141905,-0.001314539,-0.00103195,-0.001064149,-0.000999751,-0.001283367,-0.001345727,-0.001221007
1707.543,-0.001307504,-0.001288536,-0.001326471,-0.001139799,-0.001232573,-0.001047024,-0.001187535,-0.00121826,-0.001156811,-0.00128843,-0.001323866,-0.001252994,-0.000975432,-0.001018055,-0.000932808,-0.001186835,-0.001174891,-0.001198779
1709.033,-0.001119356,-0.001117563,-0.001121148,-0.001167135,-0.001228564,-0.001105706,-0.001135177,-0.001210129,-0.001060225,-0.001154644,-0.001097632,-0.001211656,-0.000988007,-0.000998555,-0.000977458,-0.001159865,-0.001073476,-0.001246253
1710.523,-0.000937452,-0.001011185,-0.000863718,-0.001123933,-0.00109453,-0.001153335,-0.001056044,-0.001096395,-0.001015693,-0.001073183,-0.000977331,-0.001169035,-0.000975691,-0.000872627,-0.001078755,-0.001071041,-0.000956906,-0.001185177
1712.012,-0.000714433,-0.000730252,-0.000698614,-0.000997226,-0.000863586,-0.001130865,-0.000854165,-0.000877607,-0.000830723,-0.000969812,-0.000949247,-0.000990377,-0.000940714,-0.000796495,-0.001084934,-0.000973738,-0.000870591,-0.001076885
1713.5,-0.000529309,-0.00057998,-0.000478639,-0.000932313,-0.000790298,-0.001074328,-0.000756387,-0.000663787,-0.000848986,-0.000804113,-0.00080788,-0.000800347,-0.000794173,-0.000664696,-0.000923649,-0.000891475,-0.000797636,-0.000985314
1714.988,-0.000272794,-0.000273205,-0.000272383,-0.000764522,-0.000699239,-0.000829805,-0.000639681,-0.000534312,-0.00074505,-0.000672702,-0.000750687,-0.000594716,-0.000707672,-0.000522459,-0.000892884,-0.000749755,-0.000598468,-0.000901041
1716.475,-1.64685E-07,2.06564E-05,-2.09857E-05,-0.000655842,-0.000643474,-0.000668209,-0.000592417,-0.000566982,-0.000617851,-0.000477983,-0.000526611,-0.000429355,-0.000558433,-0.000440092,-0.000676775,-0.000631303,-0.000562907,-0.000699699
1717.962,0.000131835,0.000197408,6.62619E-05,-0.000515971,-0.000543162,-0.000488779,-0.000505182,-0.000490609,-0.000519755,-0.000400707,-0.000484013,-0.000317401,-0.000493373,-0.00045839,-0.000528356,-0.000550576,-0.000544589,-0.000556563
1719.447,0.000226593,0.000415984,3.72009E-05,-0.000483607,-0.000467045,-0.000500168,-0.000580412,-0.000623779,-0.000537044,-0.00029064,-0.000311346,-0.000269933,-0.000470486,-0.000422501,-0.000518471,-0.000460651,-0.000416386,-0.000504917
1720.933,0.000381164,0.000553588,0.000208741,-0.000432701,-0.000395931,-0.00046947,-0.000555535,-0.000612292,-0.000498779,-0.00020406,-8.09269E-05,-0.000327193,-0.00041826,-0.00038815,-0.000448369,-0.000509994,-0.000419123,-0.000600866
1722.417,0.000469181,0.000592624,0.000345737,-0.000396075,-0.000316645,-0.000475505,-0.000535524,-0.000586957,-0.000484092,-0.000171145,-2.23599E-05,-0.00031993,-0.000438743,-0.000415804,-0.000461682,-0.000482599,-0.000428882,-0.000536316
1723.901,0.000503363,0.000588499,0.000418228,-0.00033211,-0.000303944,-0.000360277,-0.000470023,-0.000498282,-0.000441764,-0.000160703,-8.95027E-05,-0.000231903,-0.00042155,-0.000407806,-0.000435295,-0.000539826,-0.000462366,-0.000617287
1725.385,0.000503932,0.000456808,0.000551055,-0.000345133,-0.000326027,-0.000364239,-0.000454031,-0.000488715,-0.000419347,-7.09264E-05,-7.03531E-05,-7.14997E-05,-0.000326538,-0.000211698,-0.000441379,-0.000561846,-0.000451711,-0.000671981
1726.867,0.000435758,0.00042729,0.000444226,-0.000398671,-0.00041117,-0.000386172,-0.000404748,-0.000474577,-0.000334919,-2.05331E-05,-0.000121637,8.05704E-05,-0.000306332,-0.000158429,-0.000454235,-0.000487163,-0.00039442,-0.000579905
1728.35,0.000418673,0.000369319,0.000468027,-0.000325585,-0.000345273,-0.000305896,-0.000352674,-0.000481419,-0.00022393,-6.16458E-05,-0.000189986,6.66946E-05,-0.00030855,-0.000145546,-0.000471553,-0.000457089,-0.000366693,-0.000547485
1729.831,0.000371935,0.000322959,0.000420911,-0.000278708,-0.000220958,-0.000336458,-0.000319202,-0.000385335,-0.00025307,-5.50666E-05,-0.000122457,1.23236E-05,-0.000264505,-0.000128242,-0.000400767,-0.000408058,-0.000449867,-0.00036625
1731.312,0.00045056,0.000461477,0.000439643,-0.00019118,-4.74609E-05,-0.000334899,-0.00034746,-0.000422839,-0.000272081,-8.08429E-05,-0.000122612,-3.90741E-05,-0.000237138,-5.89733E-05,-0.000415303,-0.000322696,-0.000316976,-0.000328415
1732.792,0.000472032,0.000458335,0.00048573,-8.43151E-05,9.88179E-05,-0.000267448,-0.000231073,-0.000281284,-0.000180862,-6.98149E-05,-5.87964E-07,-0.000139042,-5.51474E-05,3.11399E-05,-0.000141435,-0.000246578,-0.00024114,-0.000252016
1734.272,0.000653255,0.000665802,0.000640708,-4.86186E-05,5.28483E-05,-0.000150086,-0.000169943,-0.000170921,-0.000168966,-3.07139E-05,8.84651E-05,-0.000149893,-2.6747E-06,-1.09621E-05,5.61275E-06,-0.000243787,-0.000228879,-0.000258695
1735.751,0.000800074,0.000769012,0.000831136,6.18707E-05,0.000113672,1.00697E-05,-6.52965E-05,-5.6668E-05,-7.39251E-05,-3.75488E-05,-6.18893E-06,-6.89086E-05,7.67495E-05,4.98886E-05,0.00010361,-8.952E-05,-3.57149E-05,-0.000143325
1737.229,0.000911872,0.000907888,0.000915856,0.000114293,0.000127667,0.000100919,4.29929E-05,7.05117E-05,1.54741E-05,5.09812E-05,7.2304E-05,2.96584E-05,0.000233025,0.000324304,0.000141745,6.93785E-06,8.64887E-07,1.30108E-05
1738.707,0.001016744,0.000982395,0.001051092,0.000111057,3.95451E-05,0.00018257,0.000133318,0.000228754,3.78822E-05,9.39119E-05,6.22165E-05,0.000125607,0.000349222,0.000453696,0.000244748,0.000154273,7.58746E-05,0.000232672
1740.184,0.001081015,0.001152727,0.001009303,0.000192194,0.000197873,0.000186516,0.000253546,0.000420555,8.65366E-05,0.000195009,0.000203699,0.000186319,0.000285318,0.000445036,0.0001256,0.000231464,9.87886E-05,0.00036414
1741.661,0.001150743,0.001215701,0.001085784,0.000257811,0.000281541,0.000234082,0.00023724,0.000476046,-1.56542E-06,0.000211533,0.000240389,0.000182678,0.000395743,0.000493192,0.000298295,0.000174705,-4.70272E-05,0.000396438
1743.137,0.001203722,0.001316342,0.001091101,0.000285955,0.000316459,0.00025545,0.000250501,0.00045875,4.22516E-05,0.00026965,0.00017003,0.00036927,0.000314783,0.000325592,0.000303973,0.000243138,0.000124453,0.000361823
1744.612,0.001153285,0.001264103,0.001042468,0.000330416,0.000360423,0.000300409,0.000324012,0.000518806,0.000129218,0.000298159,0.000157901,0.000438417,0.000336195,0.000278244,0.000394145,0.000178299,7.45203E-05,0.000282077
1746.087,0.001136076,0.001132496,0.001139655,0.00037724,0.000330842,0.000423639,0.000369848,0.000539476,0.00020022,0.000285547,0.000131608,0.000439485,0.000279756,0.000155799,0.000403713,0.000155346,0.000158409,0.000152284
1747.561,0.001062161,0.001009622,0.001114701,0.000403686,0.000398938,0.000408435,0.000341636,0.000349363,0.000333908,0.000240238,3.13738E-05,0.000449102,0.000140129,3.26417E-07,0.000279932,0.000190996,0.000219802,0.000162189
1749.035,0.000863771,0.000768702,0.000958841,0.000348293,0.000348165,0.000348421,0.000268551,0.000268043,0.000269059,0.000154862,1.59113E-06,0.000308133,0.000168528,4.30475E-05,0.000294009,3.1275E-05,3.95E-05,2.30501E-05
1750.508,0.000755936,0.000605307,0.000906565,0.00017741,0.000162674,0.000192146,8.15784E-05,5.74866E-05,0.00010567,8.17534E-05,-3.12006E-05,0.000194707,6.99853E-05,-2.7666E-05,0.000167637,1.30871E-05,7.29626E-05,-4.67883E-05
1751.98,0.000605739,0.000586524,0.000624954,5.8793E-05,0.000102565,1.50214E-05,3.16406E-05,1.13069E-05,5.19744E-05,-5.21943E-05,-5.50507E-05,-4.93378E-05,-3.34623E-05,-9.18507E-05,2.49261E-05,-9.71271E-05,-4.05204E-05,-0.000153734
1753.451,0.000432635,0.000380324,0.000484946,-0.000133871,-0.000119538,-0.000148204,-0.000183482,-0.000225589,-0.000141375,-0.000261316,-0.00028918,-0.000233453,-0.000143703,-0.000184965,-0.00010244,-0.000201597,-8.57274E-05,-0.000317467
1754.922,0.000325482,0.000332604,0.000318361,-0.000373461,-0.000393564,-0.000353358,-0.000364405,-0.000343654,-0.000385156,-0.000364678,-0.000437237,-0.00029212,-0.000285113,-0.000328023,-0.000242203,-0.000318541,-0.000169923,-0.00046716
1756.393,0.000238741,0.000185152,0.00029233,-0.000479936,-0.000531922,-0.000427951,-0.000483965,-0.000444245,-0.000523684,-0.000510586,-0.000602129,-0.000419043,-0.000402264,-0.000361769,-0.000442759,-0.000537767,-0.000410195,-0.000665338
1757.863,8.85405E-05,-4.23795E-05,0.000219461,-0.000574562,-0.000630719,-0.000518405,-0.000609444,-0.000555971,-0.000662918,-0.000657787,-0.000773041,-0.000542532,-0.000517961,-0.0004787,-0.000557221,-0.000545079,-0.000340621,-0.000749538
1759.332,-0.000102439,-0.000246971,4.20925E-05,-0.00058177,-0.000627796,-0.000535744,-0.000730762,-0.000738702,-0.000722822,-0.000709513,-0.00087246,-0.000546566,-0.000687652,-0.00065824,-0.000717064,-0.00073584,-0.000576339,-0.000895341
1760.8,-0.00027693,-0.000401016,-0.000152844,-0.000679094,-0.000728568,-0.00062962,-0.000822267,-0.000799007,-0.000845528,-0.000705432,-0.000951874,-0.00045899,-0.000710067,-0.000671468,-0.000748666,-0.00086599,-0.000782243,-0.000949738
1762.268,-0.000253388,-0.000273415,-0.00023336,-0.000778214,-0.000822394,-0.000734034,-0.000903426,-0.000889575,-0.000917276,-0.000780572,-0.00101753,-0.000543614,-0.000865967,-0.000849477,-0.000882457,-0.00096689,-0.000915656,-0.001018125
1763.736,-0.00031357,-0.000283387,-0.000343754,-0.000799738,-0.000803106,-0.00079637,-0.000871153,-0.000870011,-0.000872296,-0.000823947,-0.000955322,-0.000692571,-0.000845891,-0.000886905,-0.000804877,-0.001003767,-0.000959948,-0.001047585
1765.202,-0.000339358,-0.000215636,-0.000463079,-0.000917978,-0.000885645,-0.000950311,-0.000924033,-0.000835419,-0.001012646,-0.000812257,-0.000940836,-0.000683677,-0.000931013,-0.000945719,-0.000916307,-0.000983999,-0.000932706,-0.001035292
1766.669,-0.000382843,-0.000234774,-0.000530912,-0.001009517,-0.000944953,-0.00107408,-0.00092357,-0.000736477,-0.001110663,-0.000834551,-0.000931188,-0.000737914,-0.00095533,-0.000975699,-0.00093496,-0.00103789,-0.000967576,-0.001108204
1768.134,-0.000396138,-0.000284593,-0.000507683,-0.001151371,-0.001076142,-0.0012266,-0.000892112,-0.0008205,-0.000963723,-0.000835038,-0.000859982,-0.000810094,-0.001026005,-0.000978445,-0.001073565,-0.00105873,-0.000929339,-0.001188122
1769.599,-0.000508269,-0.000329974,-0.000686563,-0.001171985,-0.001221923,-0.001122047,-0.000953504,-0.000926372,-0.000980636,-0.000977575,-0.000942954,-0.001012196,-0.001109932,-0.00109701,-0.001122854,-0.001072764,-0.00082494,-0.001320587
1771.063,-0.000664656,-0.000492764,-0.000836549,-0.001208611,-0.001288949,-0.001128274,-0.000993326,-0.001020638,-0.000966014,-0.000992688,-0.000959255,-0.001026122,-0.001173865,-0.00111489,-0.001232839,-0.001108948,-0.000823662,-0.001394234
1772.527,-0.000745863,-0.000562913,-0.000928813,-0.001278808,-0.001445582,-0.001112034,-0.001035538,-0.00109251,-0.000978567,-0.001010973,-0.000972302,-0.001049645,-0.001140802,-0.00104294,-0.001238663,-0.001104463,-0.000861036,-0.001347889
1773.99,-0.000679393,-0.00048267,-0.000876117,-0.001288991,-0.001419699,-0.001158283,-0.001108543,-0.001192482,-0.001024604,-0.001062681,-0.001002285,-0.001123076,-0.001145169,-0.001049686,-0.001240651,-0.001138667,-0.001015611,-0.001261724
1775.452,-0.000671399,-0.000418398,-0.0009244,-0.001250144,-0.001367685,-0.001132604,-0.001206525,-0.001223681,-0.001189368,-0.001077773,-0.000946501,-0.001209044,-0.001043894,-0.000983229,-0.00110456,-0.001115745,-0.001044177,-0.001187313
1776.914,-0.000681345,-0.000427757,-0.000934933,-0.001236928,-0.00131345,-0.001160407,-0.001283711,-0.001174748,-0.001392674,-0.001099967,-0.001034412,-0.001165521,-0.001024825,-0.000971683,-0.001077968,-0.001112349,-0.001087413,-0.001137284
1778.375,-0.00067882,-0.000515833,-0.000841807,-0.001259086,-0.001400436,-0.001117736,-0.001319315,-0.001197787,-0.001440844,-0.001088777,-0.001139389,-0.001038165,-0.001025204,-0.000967599,-0.001082808,-0.001095381,-0.001081452,-0.00110931
1779.836,-0.00069466,-0.000597405,-0.000791915,-0.001262734,-0.001446389,-0.001079078,-0.001237044,-0.001215463,-0.001258626,-0.001086349,-0.001148749,-0.00102395,-0.001098064,-0.001030658,-0.00116547,-0.001076799,-0.001065272,-0.001088326
1781.296,-0.000828233,-0.000725234,-0.000931231,-0.001208306,-0.001429416,-0.000987196,-0.001228961,-0.001197428,-0.001260494,-0.001190558,-0.001323808,-0.001057307,-0.001164297,-0.001066504,-0.00126209,-0.00115153,-0.001115506,-0.001187553
1782.755,-0.000953505,-0.000890167,-0.001016842,-0.001283898,-0.001446389,-0.001121408,-0.001301455,-0.001297517,-0.001305394,-0.001187601,-0.001331757,-0.001043446,-0.001126368,-0.000903948,-0.001348789,-0.001127032,-0.001051311,-0.001202754
1784.214,-0.000996134,-0.000987921,-0.001004348,-0.001250735,-0.001401869,-0.0010996,-0.00130198,-0.001273329,-0.001330632,-0.001197187,-0.001339679,-0.001054696,-0.001097323,-0.000886836,-0.001307811,-0.00110883,-0.001006611,-0.00121105
1785.672,-0.001066745,-0.001015975,-0.001117515,-0.00123903,-0.001250795,-0.001227265,-0.001290664,-0.001317166,-0.001264162,-0.001109845,-0.001250253,-0.000969437,-0.001076802,-0.00079683,-0.001356775,-0.00111597,-0.001044263,-0.001187677
1787.13,-0.000971471,-0.000856273,-0.001086669,-0.001206943,-0.001211634,-0.001202253,-0.001251134,-0.001267158,-0.00123511,-0.00119139,-0.001282748,-0.001100031,-0.001107869,-0.000805746,-0.001409992,-0.001164023,-0.001012655,-0.001315391
1788.587,-0.0009859,-0.000954674,-0.001017127,-0.001228794,-0.001221448,-0.00123614,-0.001184483,-0.001208043,-0.001160923,-0.001184242,-0.001208647,-0.001159836,-0.001140574,-0.000871157,-0.001409992,-0.001167875,-0.001001677,-0.001334073
1790.043,-0.000856968,-0.000886238,-0.000827698,-0.001233783,-0.001343401,-0.001124164,-0.001208387,-0.001305532,-0.001111242,-0.001254596,-0.001287072,-0.001222119,-0.001089303,-0.00080964,-0.001368967,-0.001204003,-0.001072252,-0.001335754
1791.499,-0.000934099,-0.001011713,-0.000856486,-0.001151771,-0.001300969,-0.001002573,-0.00110642,-0.001205324,-0.001007515,-0.001263803,-0.001220591,-0.001307016,-0.001038904,-0.0008698,-0.001208008,-0.001214902,-0.001102979,-0.001326825
1792.954,-0.001006393,-0.000969018,-0.001043767,-0.001181667,-0.001271524,-0.001091811,-0.001084311,-0.001181129,-0.000987492,-0.001295408,-0.001334004,-0.001256812,-0.001005668,-0.000839201,-0.001172135,-0.001262225,-0.001153285,-0.001371164
1794.409,-0.001028279,-0.001044221,-0.001012336,-0.001093078,-0.001161803,-0.001024352,-0.001257699,-0.001335453,-0.001179944,-0.001339138,-0.00140242,-0.001275856,-0.000929401,-0.000804357,-0.001054445,-0.001185608,-0.000988333,-0.001382883
1795.862,-0.001018467,-0.001002374,-0.001034561,-0.001102501,-0.001127211,-0.00107779,-0.001295831,-0.001374383,-0.001217279,-0.001339277,-0.001359744,-0.001318809,-0.000966678,-0.000888236,-0.00104512,-0.001178968,-0.00101043,-0.001347506
1797.316,-0.000987442,-0.000921386,-0.001053499,-0.001130474,-0.00108682,-0.001174128,-0.001321268,-0.001404516,-0.00123802,-0.00131793,-0.001273221,-0.001362638,-0.001058372,-0.001035352,-0.001081393,-0.001175526,-0.001059574,-0.001291478
1798.768,-0.00093521,-0.000801265,-0.001069154,-0.001177102,-0.001040828,-0.001313375,-0.001334013,-0.001425853,-0.001242173,-0.001275105,-0.001142856,-0.001407354,-0.001204495,-0.001245722,-0.001163269,-0.001175289,-0.001135777,-0.001214802
1800.22,-0.000861762,-0.000642003,-0.001081521,-0.001237601,-0.000989284,-0.001485919,-0.001328181,-0.001426629,-0.001229733,-0.001210795,-0.000968643,-0.001452948,-0.001388734,-0.001486724,-0.001290743,-0.001178252,-0.001239028,-0.001117475
